Re,Pr,Da,porosity,thickness,amplitude,wavelength,Nuavg,DelP_Pa
25,3,0.001,0.85,0.1,0.0,0.0,6.7058,3.5391007
25,3,0.001,0.85,0.2,0.0,0.0,7.2261,4.931962
25,3,0.001,0.85,0.3,0.0,0.0,7.8352,6.9917847
25,3,0.001,0.8,0.1,0.0,0.0,6.7107,3.5506918
25,3,0.001,0.8,0.2,0.0,0.0,7.233,4.9540439
25,3,0.001,0.8,0.3,0.0,0.0,7.8432,7.0272847
25,3,0.001,0.75,0.1,0.0,0.0,6.7158,3.5627573
25,3,0.001,0.75,0.2,0.0,0.0,7.2402,4.9773848
25,3,0.001,0.75,0.3,0.0,0.0,7.8515,7.0650341
25,3,0.001,0.7,0.1,0.0,0.0,6.7212,3.575394
25,3,0.001,0.7,0.2,0.0,0.0,7.2478,5.0019789
25,3,0.001,0.7,0.3,0.0,0.0,7.8605,7.105325400000001
25,3,0.0001,0.85,0.1,0.0,0.0,7.0146,4.437649
25,3,0.0001,0.85,0.2,0.0,0.0,7.6278,6.7143536
25,3,0.0001,0.85,0.3,0.0,0.0,8.4242,10.326261
25,3,0.0001,0.8,0.1,0.0,0.0,7.0175,4.4470186
25,3,0.0001,0.8,0.2,0.0,0.0,7.6314,6.731568299999999
25,3,0.0001,0.8,0.3,0.0,0.0,8.4287,10.355907
25,3,0.0001,0.75,0.1,0.0,0.0,7.0204,4.4569642
25,3,0.0001,0.75,0.2,0.0,0.0,7.6351,6.7501525
25,3,0.0001,0.75,0.3,0.0,0.0,8.4333,10.387515
25,3,0.0001,0.7,0.1,0.0,0.0,7.0235,4.4674817
25,3,0.0001,0.7,0.2,0.0,0.0,7.6389,6.770200999999999
25,3,0.0001,0.7,0.3,0.0,0.0,8.4382,10.422079
25,3,1e-05,0.85,0.1,0.0,0.0,7.0987,6.6742439000000005
25,3,1e-05,0.85,0.2,0.0,0.0,7.7415,14.034764
25,3,1e-05,0.85,0.3,0.0,0.0,8.5874,25.849678
25,3,1e-05,0.8,0.1,0.0,0.0,7.0997,6.6853538
25,3,1e-05,0.8,0.2,0.0,0.0,7.7428,14.060641
25,3,1e-05,0.8,0.3,0.0,0.0,8.589,25.895523
25,3,1e-05,0.75,0.1,0.0,0.0,7.1008,6.6977547
25,3,1e-05,0.75,0.2,0.0,0.0,7.7441,14.089505
25,3,1e-05,0.75,0.3,0.0,0.0,8.5907,25.947354
25,3,1e-05,0.7,0.1,0.0,0.0,7.1019,6.711645
25,3,1e-05,0.7,0.2,0.0,0.0,7.7455,14.122356
25,3,1e-05,0.7,0.3,0.0,0.0,8.5925,26.007168
25,3,1e-06,0.85,0.1,0.0,0.0,7.1248,24.410804
25,3,1e-06,0.85,0.2,0.0,0.0,7.7759,78.946158
25,3,1e-06,0.85,0.3,0.0,0.0,8.6348,168.59137800000002
25,3,1e-06,0.8,0.1,0.0,0.0,7.125,24.455769
25,3,1e-06,0.8,0.2,0.0,0.0,7.7762,79.044114
25,3,1e-06,0.8,0.3,0.0,0.0,8.6351,168.75132200000002
25,3,1e-06,0.75,0.1,0.0,0.0,7.1253,24.504731
25,3,1e-06,0.75,0.2,0.0,0.0,7.7765,79.15306600000001
25,3,1e-06,0.75,0.3,0.0,0.0,8.6355,168.93126099999998
25,3,1e-06,0.7,0.1,0.0,0.0,7.1256,24.55769
25,3,1e-06,0.7,0.2,0.0,0.0,7.7769,79.27501500000001
25,3,1e-06,0.7,0.3,0.0,0.0,8.6359,169.13119600000002
25,6,0.001,0.85,0.1,0.0,0.0,7.3903,3.5391007
25,6,0.001,0.85,0.2,0.0,0.0,7.9617,4.931962
25,6,0.001,0.85,0.3,0.0,0.0,8.624,6.9917847
25,6,0.001,0.8,0.1,0.0,0.0,7.3954,3.5506918
25,6,0.001,0.8,0.2,0.0,0.0,7.9689,4.9540439
25,6,0.001,0.8,0.3,0.0,0.0,8.6324,7.0272847
25,6,0.001,0.75,0.1,0.0,0.0,7.4006,3.5627573
25,6,0.001,0.75,0.2,0.0,0.0,7.9764,4.9773848
25,6,0.001,0.75,0.3,0.0,0.0,8.6413,7.0650341
25,6,0.001,0.7,0.1,0.0,0.0,7.4062,3.575394
25,6,0.001,0.7,0.2,0.0,0.0,7.9844,5.0019789
25,6,0.001,0.7,0.3,0.0,0.0,8.6508,7.105325400000001
25,6,0.0001,0.85,0.1,0.0,0.0,7.6993,4.437649
25,6,0.0001,0.85,0.2,0.0,0.0,8.3581,6.7143536
25,6,0.0001,0.85,0.3,0.0,0.0,9.1968,10.326261
25,6,0.0001,0.8,0.1,0.0,0.0,7.7022,4.4470186
25,6,0.0001,0.8,0.2,0.0,0.0,8.3617,6.731568299999999
25,6,0.0001,0.8,0.3,0.0,0.0,9.2014,10.355907
25,6,0.0001,0.75,0.1,0.0,0.0,7.7052,4.4569642
25,6,0.0001,0.75,0.2,0.0,0.0,8.3654,6.7501525
25,6,0.0001,0.75,0.3,0.0,0.0,9.2061,10.387515
25,6,0.0001,0.7,0.1,0.0,0.0,7.7083,4.4674817
25,6,0.0001,0.7,0.2,0.0,0.0,8.3694,6.770200999999999
25,6,0.0001,0.7,0.3,0.0,0.0,9.211,10.422079
25,6,1e-05,0.85,0.1,0.0,0.0,7.7834,6.6742439000000005
25,6,1e-05,0.85,0.2,0.0,0.0,8.4703,14.034764
25,6,1e-05,0.85,0.3,0.0,0.0,9.3549,25.849678
25,6,1e-05,0.8,0.1,0.0,0.0,7.7844,6.6853538
25,6,1e-05,0.8,0.2,0.0,0.0,8.4716,14.060641
25,6,1e-05,0.8,0.3,0.0,0.0,9.3566,25.895523
25,6,1e-05,0.75,0.1,0.0,0.0,7.7854,6.6977547
25,6,1e-05,0.75,0.2,0.0,0.0,8.4729,14.089505
25,6,1e-05,0.75,0.3,0.0,0.0,9.3582,25.947354
25,6,1e-05,0.7,0.1,0.0,0.0,7.7865,6.711645
25,6,1e-05,0.7,0.2,0.0,0.0,8.4742,14.122356
25,6,1e-05,0.7,0.3,0.0,0.0,9.36,26.007168
25,6,1e-06,0.85,0.1,0.0,0.0,7.8095,24.410804
25,6,1e-06,0.85,0.2,0.0,0.0,8.5044,78.946158
25,6,1e-06,0.85,0.3,0.0,0.0,9.4011,168.59137800000002
25,6,1e-06,0.8,0.1,0.0,0.0,7.8097,24.455769
25,6,1e-06,0.8,0.2,0.0,0.0,8.5046,79.044114
25,6,1e-06,0.8,0.3,0.0,0.0,9.4015,168.75132200000002
25,6,1e-06,0.75,0.1,0.0,0.0,7.81,24.504731
25,6,1e-06,0.75,0.2,0.0,0.0,8.5049,79.15306600000001
25,6,1e-06,0.75,0.3,0.0,0.0,9.4018,168.93126099999998
25,6,1e-06,0.7,0.1,0.0,0.0,7.8103,24.55769
25,6,1e-06,0.7,0.2,0.0,0.0,8.5053,79.27501500000001
25,6,1e-06,0.7,0.3,0.0,0.0,9.4023,169.13119600000002
25,20,0.001,0.85,0.1,0.0,0.0,9.6697,3.5391007
25,20,0.001,0.85,0.2,0.0,0.0,10.35,4.931962
25,20,0.001,0.85,0.3,0.0,0.0,11.136,6.9917847
25,20,0.001,0.8,0.1,0.0,0.0,9.6757,3.5506918
25,20,0.001,0.8,0.2,0.0,0.0,10.358,4.9540439
25,20,0.001,0.8,0.3,0.0,0.0,11.146,7.0272847
25,20,0.001,0.75,0.1,0.0,0.0,9.6819,3.5627573
25,20,0.001,0.75,0.2,0.0,0.0,10.367,4.9773848
25,20,0.001,0.75,0.3,0.0,0.0,11.157,7.0650341
25,20,0.001,0.7,0.1,0.0,0.0,9.6884,3.575394
25,20,0.001,0.7,0.2,0.0,0.0,10.376,5.0019789
25,20,0.001,0.7,0.3,0.0,0.0,11.168,7.105325400000001
25,20,0.0001,0.85,0.1,0.0,0.0,10.021,4.437649
25,20,0.0001,0.85,0.2,0.0,0.0,10.789,6.7143536
25,20,0.0001,0.85,0.3,0.0,0.0,11.753,10.326261
25,20,0.0001,0.8,0.1,0.0,0.0,10.024,4.4470186
25,20,0.0001,0.8,0.2,0.0,0.0,10.793,6.731568299999999
25,20,0.0001,0.8,0.3,0.0,0.0,11.758,10.355907
25,20,0.0001,0.75,0.1,0.0,0.0,10.028,4.4569642
25,20,0.0001,0.75,0.2,0.0,0.0,10.797,6.7501525
25,20,0.0001,0.75,0.3,0.0,0.0,11.764,10.387515
25,20,0.0001,0.7,0.1,0.0,0.0,10.031,4.4674817
25,20,0.0001,0.7,0.2,0.0,0.0,10.802,6.770200999999999
25,20,0.0001,0.7,0.3,0.0,0.0,11.769,10.422079
25,20,1e-05,0.85,0.1,0.0,0.0,10.116,6.6742439000000005
25,20,1e-05,0.85,0.2,0.0,0.0,10.913,14.034764
25,20,1e-05,0.85,0.3,0.0,0.0,11.923,25.849678
25,20,1e-05,0.8,0.1,0.0,0.0,10.117,6.6853538
25,20,1e-05,0.8,0.2,0.0,0.0,10.914,14.060641
25,20,1e-05,0.8,0.3,0.0,0.0,11.925,25.895523
25,20,1e-05,0.75,0.1,0.0,0.0,10.118,6.6977547
25,20,1e-05,0.75,0.2,0.0,0.0,10.916,14.089505
25,20,1e-05,0.75,0.3,0.0,0.0,11.927,25.947354
25,20,1e-05,0.7,0.1,0.0,0.0,10.12,6.711645
25,20,1e-05,0.7,0.2,0.0,0.0,10.917,14.122356
25,20,1e-05,0.7,0.3,0.0,0.0,11.929,26.007168
25,20,1e-06,0.85,0.1,0.0,0.0,10.146,24.410804
25,20,1e-06,0.85,0.2,0.0,0.0,10.95,78.946158
25,20,1e-06,0.85,0.3,0.0,0.0,11.973,168.59137800000002
25,20,1e-06,0.8,0.1,0.0,0.0,10.146,24.455769
25,20,1e-06,0.8,0.2,0.0,0.0,10.951,79.044114
25,20,1e-06,0.8,0.3,0.0,0.0,11.973,168.75132200000002
25,20,1e-06,0.75,0.1,0.0,0.0,10.146,24.504731
25,20,1e-06,0.75,0.2,0.0,0.0,10.951,79.15306600000001
25,20,1e-06,0.75,0.3,0.0,0.0,11.974,168.93126099999998
25,20,1e-06,0.7,0.1,0.0,0.0,10.146,24.55769
25,20,1e-06,0.7,0.2,0.0,0.0,10.951,79.27501500000001
25,20,1e-06,0.7,0.3,0.0,0.0,11.974,169.13119600000002
25,50,0.001,0.85,0.1,0.0,0.0,12.563,3.5391007
25,50,0.001,0.85,0.2,0.0,0.0,13.412,4.931962
25,50,0.001,0.85,0.3,0.0,0.0,14.389,6.9917847
25,50,0.001,0.8,0.1,0.0,0.0,12.57,3.5506918
25,50,0.001,0.8,0.2,0.0,0.0,13.423,4.9540439
25,50,0.001,0.8,0.3,0.0,0.0,14.402,7.0272847
25,50,0.001,0.75,0.1,0.0,0.0,12.578,3.5627573
25,50,0.001,0.75,0.2,0.0,0.0,13.434,4.9773848
25,50,0.001,0.75,0.3,0.0,0.0,14.415,7.0650341
25,50,0.001,0.7,0.1,0.0,0.0,12.587,3.575394
25,50,0.001,0.7,0.2,0.0,0.0,13.446,5.0019789
25,50,0.001,0.7,0.3,0.0,0.0,14.429,7.105325400000001
25,50,0.0001,0.85,0.1,0.0,0.0,13.0,4.437649
25,50,0.0001,0.85,0.2,0.0,0.0,13.954,6.7143536
25,50,0.0001,0.85,0.3,0.0,0.0,15.143,10.326261
25,50,0.0001,0.8,0.1,0.0,0.0,13.005,4.4470186
25,50,0.0001,0.8,0.2,0.0,0.0,13.959,6.731568299999999
25,50,0.0001,0.8,0.3,0.0,0.0,15.15,10.355907
25,50,0.0001,0.75,0.1,0.0,0.0,13.009,4.4569642
25,50,0.0001,0.75,0.2,0.0,0.0,13.964,6.7501525
25,50,0.0001,0.75,0.3,0.0,0.0,15.156,10.387515
25,50,0.0001,0.7,0.1,0.0,0.0,13.013,4.4674817
25,50,0.0001,0.7,0.2,0.0,0.0,13.97,6.770200999999999
25,50,0.0001,0.7,0.3,0.0,0.0,15.163,10.422079
25,50,1e-05,0.85,0.1,0.0,0.0,13.119,6.6742439000000005
25,50,1e-05,0.85,0.2,0.0,0.0,14.107,14.034764
25,50,1e-05,0.85,0.3,0.0,0.0,15.351,25.849678
25,50,1e-05,0.8,0.1,0.0,0.0,13.12,6.6853538
25,50,1e-05,0.8,0.2,0.0,0.0,14.108,14.060641
25,50,1e-05,0.8,0.3,0.0,0.0,15.353,25.895523
25,50,1e-05,0.75,0.1,0.0,0.0,13.122,6.6977547
25,50,1e-05,0.75,0.2,0.0,0.0,14.11,14.089505
25,50,1e-05,0.75,0.3,0.0,0.0,15.355,25.947354
25,50,1e-05,0.7,0.1,0.0,0.0,13.123,6.711645
25,50,1e-05,0.7,0.2,0.0,0.0,14.112,14.122356
25,50,1e-05,0.7,0.3,0.0,0.0,15.358,26.007168
25,50,1e-06,0.85,0.1,0.0,0.0,13.155,24.410804
25,50,1e-06,0.85,0.2,0.0,0.0,14.153,78.946158
25,50,1e-06,0.85,0.3,0.0,0.0,15.412,168.59137800000002
25,50,1e-06,0.8,0.1,0.0,0.0,13.156,24.455769
25,50,1e-06,0.8,0.2,0.0,0.0,14.154,79.044114
25,50,1e-06,0.8,0.3,0.0,0.0,15.412,168.75132200000002
25,50,1e-06,0.75,0.1,0.0,0.0,13.156,24.504731
25,50,1e-06,0.75,0.2,0.0,0.0,14.154,79.15306600000001
25,50,1e-06,0.75,0.3,0.0,0.0,15.413,168.93126099999998
25,50,1e-06,0.7,0.1,0.0,0.0,13.157,24.55769
25,50,1e-06,0.7,0.2,0.0,0.0,14.154,79.27501500000001
25,50,1e-06,0.7,0.3,0.0,0.0,15.413,169.13119600000002
100,3,0.001,0.85,0.1,0.0,0.0,8.6293,15.135925
100,3,0.001,0.85,0.2,0.0,0.0,9.2588,21.309251
100,3,0.001,0.85,0.3,0.0,0.0,10.008,30.508539
100,3,0.001,0.8,0.1,0.0,0.0,8.6367,15.200943
100,3,0.001,0.8,0.2,0.0,0.0,9.2687,21.431028
100,3,0.001,0.8,0.3,0.0,0.0,10.02,30.71707
100,3,0.001,0.75,0.1,0.0,0.0,8.6445,15.27188
100,3,0.001,0.75,0.2,0.0,0.0,9.2792,21.561695
100,3,0.001,0.75,0.3,0.0,0.0,10.034,30.942466
100,3,0.001,0.7,0.1,0.0,0.0,8.6529,15.346728
100,3,0.001,0.7,0.2,0.0,0.0,9.2905,21.702236
100,3,0.001,0.7,0.3,0.0,0.0,10.048,31.187713
100,3,0.0001,0.85,0.1,0.0,0.0,8.9129,18.847063
100,3,0.0001,0.85,0.2,0.0,0.0,9.6173,28.761825
100,3,0.0001,0.85,0.3,0.0,0.0,10.531,44.408754
100,3,0.0001,0.8,0.1,0.0,0.0,8.9161,18.895318000000003
100,3,0.0001,0.8,0.2,0.0,0.0,9.6216,28.871917
100,3,0.0001,0.8,0.3,0.0,0.0,10.536,44.615621
100,3,0.0001,0.75,0.1,0.0,0.0,8.9194,18.946497
100,3,0.0001,0.75,0.2,0.0,0.0,9.6261,28.991915
100,3,0.0001,0.75,0.3,0.0,0.0,10.542,44.844372
100,3,0.0001,0.7,0.1,0.0,0.0,8.9229,19.002587
100,3,0.0001,0.7,0.2,0.0,0.0,9.6308,29.124803
100,3,0.0001,0.7,0.3,0.0,0.0,10.548,45.101987
100,3,1e-05,0.85,0.1,0.0,0.0,8.9919,28.1661
100,3,1e-05,0.85,0.2,0.0,0.0,9.7152,59.088896
100,3,1e-05,0.85,0.3,0.0,0.0,10.67,108.595423
100,3,1e-05,0.8,0.1,0.0,0.0,8.993,28.247794000000003
100,3,1e-05,0.8,0.2,0.0,0.0,9.7167,59.323476
100,3,1e-05,0.8,0.3,0.0,0.0,10.672,109.064893
100,3,1e-05,0.75,0.1,0.0,0.0,8.9941,28.340457
100,3,1e-05,0.75,0.2,0.0,0.0,9.7182,59.592016
100,3,1e-05,0.75,0.3,0.0,0.0,10.674,109.594314
100,3,1e-05,0.7,0.1,0.0,0.0,8.9953,28.446084
100,3,1e-05,0.7,0.2,0.0,0.0,9.7199,59.90051
100,3,1e-05,0.7,0.3,0.0,0.0,10.676,110.213675
100,3,1e-06,0.85,0.1,0.0,0.0,9.0168,99.825659
100,3,1e-06,0.85,0.2,0.0,0.0,9.7444,321.337835
100,3,1e-06,0.85,0.3,0.0,0.0,10.709,685.2637070000001
100,3,1e-06,0.8,0.1,0.0,0.0,9.0171,100.096539
100,3,1e-06,0.8,0.2,0.0,0.0,9.7448,322.107681
100,3,1e-06,0.8,0.3,0.0,0.0,10.709,686.7135089999999
100,3,1e-06,0.75,0.1,0.0,0.0,9.0174,100.40641
100,3,1e-06,0.75,0.2,0.0,0.0,9.7451,322.987516
100,3,1e-06,0.75,0.3,0.0,0.0,10.71,688.3832960000001
100,3,1e-06,0.7,0.1,0.0,0.0,9.0176,100.766271
100,3,1e-06,0.7,0.2,0.0,0.0,9.7455,323.997337
100,3,1e-06,0.7,0.3,0.0,0.0,10.71,690.323067
100,6,0.001,0.85,0.1,0.0,0.0,10.308,15.135925
100,6,0.001,0.85,0.2,0.0,0.0,11.019,21.309251
100,6,0.001,0.85,0.3,0.0,0.0,11.862,30.508539
100,6,0.001,0.8,0.1,0.0,0.0,10.316,15.200943
100,6,0.001,0.8,0.2,0.0,0.0,11.03,21.431028
100,6,0.001,0.8,0.3,0.0,0.0,11.876,30.71707
100,6,0.001,0.75,0.1,0.0,0.0,10.325,15.27188
100,6,0.001,0.75,0.2,0.0,0.0,11.042,21.561695
100,6,0.001,0.75,0.3,0.0,0.0,11.891,30.942466
100,6,0.001,0.7,0.1,0.0,0.0,10.335,15.346728
100,6,0.001,0.7,0.2,0.0,0.0,11.055,21.702236
100,6,0.001,0.7,0.3,0.0,0.0,11.907,31.187713
100,6,0.0001,0.85,0.1,0.0,0.0,10.625,18.847063
100,6,0.0001,0.85,0.2,0.0,0.0,11.414,28.761825
100,6,0.0001,0.85,0.3,0.0,0.0,12.432,44.408754
100,6,0.0001,0.8,0.1,0.0,0.0,10.629,18.895318000000003
100,6,0.0001,0.8,0.2,0.0,0.0,11.419,28.871917
100,6,0.0001,0.8,0.3,0.0,0.0,12.438,44.615621
100,6,0.0001,0.75,0.1,0.0,0.0,10.632,18.946497
100,6,0.0001,0.75,0.2,0.0,0.0,11.424,28.991915
100,6,0.0001,0.75,0.3,0.0,0.0,12.444,44.844372
100,6,0.0001,0.7,0.1,0.0,0.0,10.636,19.002587
100,6,0.0001,0.7,0.2,0.0,0.0,11.43,29.124803
100,6,0.0001,0.7,0.3,0.0,0.0,12.451,45.101987
100,6,1e-05,0.85,0.1,0.0,0.0,10.713,28.1661
100,6,1e-05,0.85,0.2,0.0,0.0,11.521,59.088896
100,6,1e-05,0.85,0.3,0.0,0.0,12.581,108.595423
100,6,1e-05,0.8,0.1,0.0,0.0,10.714,28.247794000000003
100,6,1e-05,0.8,0.2,0.0,0.0,11.523,59.323476
100,6,1e-05,0.8,0.3,0.0,0.0,12.583,109.064893
100,6,1e-05,0.75,0.1,0.0,0.0,10.716,28.340457
100,6,1e-05,0.75,0.2,0.0,0.0,11.525,59.592016
100,6,1e-05,0.75,0.3,0.0,0.0,12.586,109.594314
100,6,1e-05,0.7,0.1,0.0,0.0,10.717,28.446084
100,6,1e-05,0.7,0.2,0.0,0.0,11.526,59.90051
100,6,1e-05,0.7,0.3,0.0,0.0,12.588,110.213675
100,6,1e-06,0.85,0.1,0.0,0.0,10.741,99.825659
100,6,1e-06,0.85,0.2,0.0,0.0,11.553,321.337835
100,6,1e-06,0.85,0.3,0.0,0.0,12.623,685.2637070000001
100,6,1e-06,0.8,0.1,0.0,0.0,10.741,100.096539
100,6,1e-06,0.8,0.2,0.0,0.0,11.553,322.107681
100,6,1e-06,0.8,0.3,0.0,0.0,12.623,686.7135089999999
100,6,1e-06,0.75,0.1,0.0,0.0,10.741,100.40641
100,6,1e-06,0.75,0.2,0.0,0.0,11.554,322.987516
100,6,1e-06,0.75,0.3,0.0,0.0,12.624,688.3832960000001
100,6,1e-06,0.7,0.1,0.0,0.0,10.742,100.766271
100,6,1e-06,0.7,0.2,0.0,0.0,11.554,323.997337
100,6,1e-06,0.7,0.3,0.0,0.0,12.625,690.323067
100,20,0.001,0.85,0.1,0.0,0.0,14.804,15.135925
100,20,0.001,0.85,0.2,0.0,0.0,15.757,21.309251
100,20,0.001,0.85,0.3,0.0,0.0,16.916,30.508539
100,20,0.001,0.8,0.1,0.0,0.0,14.816,15.200943
100,20,0.001,0.8,0.2,0.0,0.0,15.773,21.431028
100,20,0.001,0.8,0.3,0.0,0.0,16.935,30.71707
100,20,0.001,0.75,0.1,0.0,0.0,14.829,15.27188
100,20,0.001,0.75,0.2,0.0,0.0,15.79,21.561695
100,20,0.001,0.75,0.3,0.0,0.0,16.956,30.942466
100,20,0.001,0.7,0.1,0.0,0.0,14.843,15.346728
100,20,0.001,0.7,0.2,0.0,0.0,15.808,21.702236
100,20,0.001,0.7,0.3,0.0,0.0,16.979,31.187713
100,20,0.0001,0.85,0.1,0.0,0.0,15.249,18.847063
100,20,0.0001,0.85,0.2,0.0,0.0,16.307,28.761825
100,20,0.0001,0.85,0.3,0.0,0.0,17.688,44.408754
100,20,0.0001,0.8,0.1,0.0,0.0,15.255,18.895318000000003
100,20,0.0001,0.8,0.2,0.0,0.0,16.313,28.871917
100,20,0.0001,0.8,0.3,0.0,0.0,17.697,44.615621
100,20,0.0001,0.75,0.1,0.0,0.0,15.26,18.946497
100,20,0.0001,0.75,0.2,0.0,0.0,16.32,28.991915
100,20,0.0001,0.75,0.3,0.0,0.0,17.706,44.844372
100,20,0.0001,0.7,0.1,0.0,0.0,15.266,19.002587
100,20,0.0001,0.7,0.2,0.0,0.0,16.328,29.124803
100,20,0.0001,0.7,0.3,0.0,0.0,17.716,45.101987
100,20,1e-05,0.85,0.1,0.0,0.0,15.371,28.1661
100,20,1e-05,0.85,0.2,0.0,0.0,16.448,59.088896
100,20,1e-05,0.85,0.3,0.0,0.0,17.888,108.595423
100,20,1e-05,0.8,0.1,0.0,0.0,15.373,28.247794000000003
100,20,1e-05,0.8,0.2,0.0,0.0,16.451,59.323476
100,20,1e-05,0.8,0.3,0.0,0.0,17.891,109.064893
100,20,1e-05,0.75,0.1,0.0,0.0,15.375,28.340457
100,20,1e-05,0.75,0.2,0.0,0.0,16.453,59.592016
100,20,1e-05,0.75,0.3,0.0,0.0,17.894,109.594314
100,20,1e-05,0.7,0.1,0.0,0.0,15.376,28.446084
100,20,1e-05,0.7,0.2,0.0,0.0,16.456,59.90051
100,20,1e-05,0.7,0.3,0.0,0.0,17.898,110.213675
100,20,1e-06,0.85,0.1,0.0,0.0,15.41,99.825659
100,20,1e-06,0.85,0.2,0.0,0.0,16.49,321.337835
100,20,1e-06,0.85,0.3,0.0,0.0,17.942,685.2637070000001
100,20,1e-06,0.8,0.1,0.0,0.0,15.41,100.096539
100,20,1e-06,0.8,0.2,0.0,0.0,16.491,322.107681
100,20,1e-06,0.8,0.3,0.0,0.0,17.943,686.7135089999999
100,20,1e-06,0.75,0.1,0.0,0.0,15.411,100.40641
100,20,1e-06,0.75,0.2,0.0,0.0,16.492,322.987516
100,20,1e-06,0.75,0.3,0.0,0.0,17.944,688.3832960000001
100,20,1e-06,0.7,0.1,0.0,0.0,15.411,100.766271
100,20,1e-06,0.7,0.2,0.0,0.0,16.492,323.997337
100,20,1e-06,0.7,0.3,0.0,0.0,17.945,690.323067
100,50,0.001,0.85,0.1,0.0,0.0,20.219,15.135925
100,50,0.001,0.85,0.2,0.0,0.0,21.506,21.309251
100,50,0.001,0.85,0.3,0.0,0.0,23.046,30.508539
100,50,0.001,0.8,0.1,0.0,0.0,20.236,15.200943
100,50,0.001,0.8,0.2,0.0,0.0,21.529,21.431028
100,50,0.001,0.8,0.3,0.0,0.0,23.073,30.71707
100,50,0.001,0.75,0.1,0.0,0.0,20.254,15.27188
100,50,0.001,0.75,0.2,0.0,0.0,21.554,21.561695
100,50,0.001,0.75,0.3,0.0,0.0,23.101,30.942466
100,50,0.001,0.7,0.1,0.0,0.0,20.273,15.346728
100,50,0.001,0.7,0.2,0.0,0.0,21.579,21.702236
100,50,0.001,0.7,0.3,0.0,0.0,23.131,31.187713
100,50,0.0001,0.85,0.1,0.0,0.0,20.849,18.847063
100,50,0.0001,0.85,0.2,0.0,0.0,22.254,28.761825
100,50,0.0001,0.85,0.3,0.0,0.0,24.148,44.408754
100,50,0.0001,0.8,0.1,0.0,0.0,20.856,18.895318000000003
100,50,0.0001,0.8,0.2,0.0,0.0,22.264,28.871917
100,50,0.0001,0.8,0.3,0.0,0.0,24.161,44.615621
100,50,0.0001,0.75,0.1,0.0,0.0,20.864,18.946497
100,50,0.0001,0.75,0.2,0.0,0.0,22.274,28.991915
100,50,0.0001,0.75,0.3,0.0,0.0,24.175,44.844372
100,50,0.0001,0.7,0.1,0.0,0.0,20.873,19.002587
100,50,0.0001,0.7,0.2,0.0,0.0,22.285,29.124803
100,50,0.0001,0.7,0.3,0.0,0.0,24.19,45.101987
100,50,1e-05,0.85,0.1,0.0,0.0,21.019,28.1661
100,50,1e-05,0.85,0.2,0.0,0.0,22.42,59.088896
100,50,1e-05,0.85,0.3,0.0,0.0,24.395,108.595423
100,50,1e-05,0.8,0.1,0.0,0.0,21.021,28.247794000000003
100,50,1e-05,0.8,0.2,0.0,0.0,22.424,59.323476
100,50,1e-05,0.8,0.3,0.0,0.0,24.4,109.064893
100,50,1e-05,0.75,0.1,0.0,0.0,21.024,28.340457
100,50,1e-05,0.75,0.2,0.0,0.0,22.427,59.592016
100,50,1e-05,0.75,0.3,0.0,0.0,24.405,109.594314
100,50,1e-05,0.7,0.1,0.0,0.0,21.026,28.446084
100,50,1e-05,0.7,0.2,0.0,0.0,22.431,59.90051
100,50,1e-05,0.7,0.3,0.0,0.0,24.41,110.213675
100,50,1e-06,0.85,0.1,0.0,0.0,21.074,99.825659
100,50,1e-06,0.85,0.2,0.0,0.0,22.472,321.337835
100,50,1e-06,0.85,0.3,0.0,0.0,24.462,685.2637070000001
100,50,1e-06,0.8,0.1,0.0,0.0,21.074,100.096539
100,50,1e-06,0.8,0.2,0.0,0.0,22.473,322.107681
100,50,1e-06,0.8,0.3,0.0,0.0,24.463,686.7135089999999
100,50,1e-06,0.75,0.1,0.0,0.0,21.075,100.40641
100,50,1e-06,0.75,0.2,0.0,0.0,22.473,322.987516
100,50,1e-06,0.75,0.3,0.0,0.0,24.464,688.3832960000001
100,50,1e-06,0.7,0.1,0.0,0.0,21.075,100.766271
100,50,1e-06,0.7,0.2,0.0,0.0,22.474,323.997337
100,50,1e-06,0.7,0.3,0.0,0.0,24.466,690.323067
250,3,0.001,0.85,0.1,0.0,0.0,11.248,42.780836
250,3,0.001,0.85,0.2,0.0,0.0,12.002,61.354972
250,3,0.001,0.85,0.3,0.0,0.0,12.927,89.164385
250,3,0.001,0.8,0.1,0.0,0.0,11.26,43.02359
250,3,0.001,0.8,0.2,0.0,0.0,12.016,61.807295
250,3,0.001,0.8,0.3,0.0,0.0,12.945,89.969033
250,3,0.001,0.75,0.1,0.0,0.0,11.271,43.283161
250,3,0.001,0.75,0.2,0.0,0.0,12.031,62.297383
250,3,0.001,0.75,0.3,0.0,0.0,12.965,90.847385
250,3,0.001,0.7,0.1,0.0,0.0,11.284,43.562529000000005
250,3,0.001,0.7,0.2,0.0,0.0,12.048,62.83021
250,3,0.001,0.7,0.3,0.0,0.0,12.986,91.810409
250,3,0.0001,0.85,0.1,0.0,0.0,11.497,52.855422
250,3,0.0001,0.85,0.2,0.0,0.0,12.319,81.968112
250,3,0.0001,0.85,0.3,0.0,0.0,13.424,127.518488
250,3,0.0001,0.8,0.1,0.0,0.0,11.501,53.035829
250,3,0.0001,0.8,0.2,0.0,0.0,12.325,82.447225
250,3,0.0001,0.8,0.3,0.0,0.0,13.432,128.466116
250,3,0.0001,0.75,0.1,0.0,0.0,11.505,53.233077
250,3,0.0001,0.75,0.2,0.0,0.0,12.332,82.984148
250,3,0.0001,0.75,0.3,0.0,0.0,13.441,129.55350399999998
250,3,0.0001,0.7,0.1,0.0,0.0,11.51,53.45014
250,3,0.0001,0.7,0.2,0.0,0.0,12.339,83.593851
250,3,0.0001,0.7,0.3,0.0,0.0,13.45,130.790618
250,3,1e-05,0.85,0.1,0.0,0.0,11.564,78.210807
250,3,1e-05,0.85,0.2,0.0,0.0,12.364,163.221307
250,3,1e-05,0.85,0.3,0.0,0.0,13.506,298.47407000000004
250,3,1e-05,0.8,0.1,0.0,0.0,11.565,78.59012
250,3,1e-05,0.8,0.2,0.0,0.0,12.367,164.430372
250,3,1e-05,0.8,0.3,0.0,0.0,13.51,300.96289
250,3,1e-05,0.75,0.1,0.0,0.0,11.567,79.02236500000001
250,3,1e-05,0.75,0.2,0.0,0.0,12.37,165.82935
250,3,1e-05,0.75,0.3,0.0,0.0,13.514,303.8516
250,3,1e-05,0.7,0.1,0.0,0.0,11.568,79.52053
250,3,1e-05,0.7,0.2,0.0,0.0,12.373,167.45822
250,3,1e-05,0.7,0.3,0.0,0.0,13.519,307.23018
250,3,1e-06,0.85,0.1,0.0,0.0,11.587,261.61889
250,3,1e-06,0.85,0.2,0.0,0.0,12.368,833.21969
250,3,1e-06,0.85,0.3,0.0,0.0,13.509,1770.34543
250,3,1e-06,0.8,0.1,0.0,0.0,11.587,262.89861
250,3,1e-06,0.8,0.2,0.0,0.0,12.369,837.24933
250,3,1e-06,0.8,0.3,0.0,0.0,13.51,1778.34497
250,3,1e-06,0.75,0.1,0.0,0.0,11.587,264.44832
250,3,1e-06,0.75,0.2,0.0,0.0,12.37,841.9489500000001
250,3,1e-06,0.75,0.3,0.0,0.0,13.512,1787.64447
250,3,1e-06,0.7,0.1,0.0,0.0,11.588,266.26800000000003
250,3,1e-06,0.7,0.2,0.0,0.0,12.371,847.4685400000001
250,3,1e-06,0.7,0.3,0.0,0.0,13.513,1798.64394
250,6,0.001,0.85,0.1,0.0,0.0,13.884,42.780836
250,6,0.001,0.85,0.2,0.0,0.0,14.746,61.354972
250,6,0.001,0.85,0.3,0.0,0.0,15.858,89.164385
250,6,0.001,0.8,0.1,0.0,0.0,13.897,43.02359
250,6,0.001,0.8,0.2,0.0,0.0,14.763,61.807295
250,6,0.001,0.8,0.3,0.0,0.0,15.88,89.969033
250,6,0.001,0.75,0.1,0.0,0.0,13.912,43.283161
250,6,0.001,0.75,0.2,0.0,0.0,14.782,62.297383
250,6,0.001,0.75,0.3,0.0,0.0,15.903,90.847385
250,6,0.001,0.7,0.1,0.0,0.0,13.927,43.562529000000005
250,6,0.001,0.7,0.2,0.0,0.0,14.802,62.83021
250,6,0.001,0.7,0.3,0.0,0.0,15.928,91.810409
250,6,0.0001,0.85,0.1,0.0,0.0,14.134,52.855422
250,6,0.0001,0.85,0.2,0.0,0.0,15.122,81.968112
250,6,0.0001,0.85,0.3,0.0,0.0,16.446,127.518488
250,6,0.0001,0.8,0.1,0.0,0.0,14.139,53.035829
250,6,0.0001,0.8,0.2,0.0,0.0,15.13,82.447225
250,6,0.0001,0.8,0.3,0.0,0.0,16.456,128.466116
250,6,0.0001,0.75,0.1,0.0,0.0,14.144,53.233077
250,6,0.0001,0.75,0.2,0.0,0.0,15.138,82.984148
250,6,0.0001,0.75,0.3,0.0,0.0,16.466,129.55350399999998
250,6,0.0001,0.7,0.1,0.0,0.0,14.15,53.45014
250,6,0.0001,0.7,0.2,0.0,0.0,15.147,83.593851
250,6,0.0001,0.7,0.3,0.0,0.0,16.477,130.790618
250,6,1e-05,0.85,0.1,0.0,0.0,14.214,78.210807
250,6,1e-05,0.85,0.2,0.0,0.0,15.171,163.221307
250,6,1e-05,0.85,0.3,0.0,0.0,16.536,298.47407000000004
250,6,1e-05,0.8,0.1,0.0,0.0,14.215,78.59012
250,6,1e-05,0.8,0.2,0.0,0.0,15.175,164.430372
250,6,1e-05,0.8,0.3,0.0,0.0,16.54,300.96289
250,6,1e-05,0.75,0.1,0.0,0.0,14.217,79.02236500000001
250,6,1e-05,0.75,0.2,0.0,0.0,15.178,165.82935
250,6,1e-05,0.75,0.3,0.0,0.0,16.546,303.8516
250,6,1e-05,0.7,0.1,0.0,0.0,14.219,79.52053
250,6,1e-05,0.7,0.2,0.0,0.0,15.182,167.45822
250,6,1e-05,0.7,0.3,0.0,0.0,16.551,307.23018
250,6,1e-06,0.85,0.1,0.0,0.0,14.241,261.61889
250,6,1e-06,0.85,0.2,0.0,0.0,15.175,833.21969
250,6,1e-06,0.85,0.3,0.0,0.0,16.536,1770.34543
250,6,1e-06,0.8,0.1,0.0,0.0,14.241,262.89861
250,6,1e-06,0.8,0.2,0.0,0.0,15.176,837.24933
250,6,1e-06,0.8,0.3,0.0,0.0,16.538,1778.34497
250,6,1e-06,0.75,0.1,0.0,0.0,14.242,264.44832
250,6,1e-06,0.75,0.2,0.0,0.0,15.177,841.9489500000001
250,6,1e-06,0.75,0.3,0.0,0.0,16.54,1787.64447
250,6,1e-06,0.7,0.1,0.0,0.0,14.242,266.26800000000003
250,6,1e-06,0.7,0.2,0.0,0.0,15.178,847.4685400000001
250,6,1e-06,0.7,0.3,0.0,0.0,16.542,1798.64394
250,20,0.001,0.85,0.1,0.0,0.0,20.506,42.780836
250,20,0.001,0.85,0.2,0.0,0.0,21.924,61.354972
250,20,0.001,0.85,0.3,0.0,0.0,23.529,89.164385
250,20,0.001,0.8,0.1,0.0,0.0,20.527,43.02359
250,20,0.001,0.8,0.2,0.0,0.0,21.951,61.807295
250,20,0.001,0.8,0.3,0.0,0.0,23.563,89.969033
250,20,0.001,0.75,0.1,0.0,0.0,20.55,43.283161
250,20,0.001,0.75,0.2,0.0,0.0,21.979,62.297383
250,20,0.001,0.75,0.3,0.0,0.0,23.598,90.847385
250,20,0.001,0.7,0.1,0.0,0.0,20.574,43.562529000000005
250,20,0.001,0.7,0.2,0.0,0.0,22.009,62.83021
250,20,0.001,0.7,0.3,0.0,0.0,23.636,91.810409
250,20,0.0001,0.85,0.1,0.0,0.0,20.984,52.855422
250,20,0.0001,0.85,0.2,0.0,0.0,22.512,81.968112
250,20,0.0001,0.85,0.3,0.0,0.0,24.471,127.518488
250,20,0.0001,0.8,0.1,0.0,0.0,20.991,53.035829
250,20,0.0001,0.8,0.2,0.0,0.0,22.524,82.447225
250,20,0.0001,0.8,0.3,0.0,0.0,24.486,128.466116
250,20,0.0001,0.75,0.1,0.0,0.0,21.0,53.233077
250,20,0.0001,0.75,0.2,0.0,0.0,22.537,82.984148
250,20,0.0001,0.75,0.3,0.0,0.0,24.502,129.55350399999998
250,20,0.0001,0.7,0.1,0.0,0.0,21.009,53.45014
250,20,0.0001,0.7,0.2,0.0,0.0,22.551,83.593851
250,20,0.0001,0.7,0.3,0.0,0.0,24.519,130.790618
250,20,1e-05,0.85,0.1,0.0,0.0,21.1,78.210807
250,20,1e-05,0.85,0.2,0.0,0.0,22.568,163.221307
250,20,1e-05,0.85,0.3,0.0,0.0,24.618,298.47407000000004
250,20,1e-05,0.8,0.1,0.0,0.0,21.102,78.59012
250,20,1e-05,0.8,0.2,0.0,0.0,22.573,164.430372
250,20,1e-05,0.8,0.3,0.0,0.0,24.627,300.96289
250,20,1e-05,0.75,0.1,0.0,0.0,21.105,79.02236500000001
250,20,1e-05,0.75,0.2,0.0,0.0,22.579,165.82935
250,20,1e-05,0.75,0.3,0.0,0.0,24.634,303.8516
250,20,1e-05,0.7,0.1,0.0,0.0,21.108,79.52053
250,20,1e-05,0.7,0.2,0.0,0.0,22.586,167.45822
250,20,1e-05,0.7,0.3,0.0,0.0,24.644,307.23018
250,20,1e-06,0.85,0.1,0.0,0.0,21.137,261.61889
250,20,1e-06,0.85,0.2,0.0,0.0,22.568,833.21969
250,20,1e-06,0.85,0.3,0.0,0.0,24.603,1770.34543
250,20,1e-06,0.8,0.1,0.0,0.0,21.137,262.89861
250,20,1e-06,0.8,0.2,0.0,0.0,22.57,837.24933
250,20,1e-06,0.8,0.3,0.0,0.0,24.606,1778.34497
250,20,1e-06,0.75,0.1,0.0,0.0,21.138,264.44832
250,20,1e-06,0.75,0.2,0.0,0.0,22.572,841.9489500000001
250,20,1e-06,0.75,0.3,0.0,0.0,24.61,1787.64447
250,20,1e-06,0.7,0.1,0.0,0.0,21.138,266.26800000000003
250,20,1e-06,0.7,0.2,0.0,0.0,22.574,847.4685400000001
250,20,1e-06,0.7,0.3,0.0,0.0,24.615,1798.64394
250,50,0.001,0.85,0.1,0.0,0.0,28.119,42.780836
250,50,0.001,0.85,0.2,0.0,0.0,30.582,61.354972
250,50,0.001,0.85,0.3,0.0,0.0,33.078,89.164385
250,50,0.001,0.8,0.1,0.0,0.0,28.148,43.02359
250,50,0.001,0.8,0.2,0.0,0.0,30.62,61.807295
250,50,0.001,0.8,0.3,0.0,0.0,33.127,89.969033
250,50,0.001,0.75,0.1,0.0,0.0,28.18,43.283161
250,50,0.001,0.75,0.2,0.0,0.0,30.659,62.297383
250,50,0.001,0.75,0.3,0.0,0.0,33.177,90.847385
250,50,0.001,0.7,0.1,0.0,0.0,28.672,43.562529000000005
250,50,0.001,0.7,0.2,0.0,0.0,30.702,62.83021
250,50,0.001,0.7,0.3,0.0,0.0,33.23,91.810409
250,50,0.0001,0.85,0.1,0.0,0.0,28.797,52.855422
250,50,0.0001,0.85,0.2,0.0,0.0,31.468,81.968112
250,50,0.0001,0.85,0.3,0.0,0.0,34.585,127.518488
250,50,0.0001,0.8,0.1,0.0,0.0,28.808,53.035829
250,50,0.0001,0.8,0.2,0.0,0.0,31.486,82.447225
250,50,0.0001,0.8,0.3,0.0,0.0,34.609,128.466116
250,50,0.0001,0.75,0.1,0.0,0.0,28.82,53.233077
250,50,0.0001,0.75,0.2,0.0,0.0,31.505,82.984148
250,50,0.0001,0.75,0.3,0.0,0.0,34.632,129.55350399999998
250,50,0.0001,0.7,0.1,0.0,0.0,28.832,53.45014
250,50,0.0001,0.7,0.2,0.0,0.0,31.526,83.593851
250,50,0.0001,0.7,0.3,0.0,0.0,34.657,130.790618
250,50,1e-05,0.85,0.1,0.0,0.0,28.987,78.21180700000001
250,50,1e-05,0.85,0.2,0.0,0.0,31.078,163.221307
250,50,1e-05,0.85,0.3,0.0,0.0,34.774,298.47407000000004
250,50,1e-05,0.8,0.1,0.0,0.0,28.991,78.59112
250,50,1e-05,0.8,0.2,0.0,0.0,31.085,164.440372
250,50,1e-05,0.8,0.3,0.0,0.0,34.786,300.96289
250,50,1e-05,0.75,0.1,0.0,0.0,28.995,79.023365
250,50,1e-05,0.75,0.2,0.0,0.0,31.093,165.82935
250,50,1e-05,0.75,0.3,0.0,0.0,34.8,303.8516
250,50,1e-05,0.7,0.1,0.0,0.0,28.998,79.52353
250,50,1e-05,0.7,0.2,0.0,0.0,31.102,167.46822
250,50,1e-05,0.7,0.3,0.0,0.0,34.814,307.23018
250,50,1e-06,0.85,0.1,0.0,0.0,29.051,261.61889
250,50,1e-06,0.85,0.2,0.0,0.0,31.095,833.21969
250,50,1e-06,0.85,0.3,0.0,0.0,34.743,1770.34543
250,50,1e-06,0.8,0.1,0.0,0.0,29.052,262.89861
250,50,1e-06,0.8,0.2,0.0,0.0,31.097,837.24933
250,50,1e-06,0.8,0.3,0.0,0.0,34.748,1778.34497
250,50,1e-06,0.75,0.1,0.0,0.0,29.052,264.44832
250,50,1e-06,0.75,0.2,0.0,0.0,31.099,841.9489500000001
250,50,1e-06,0.75,0.3,0.0,0.0,34.753,1787.64447
250,50,1e-06,0.7,0.1,0.0,0.0,29.053,266.26800000000003
250,50,1e-06,0.7,0.2,0.0,0.0,31.101,847.4685400000001
250,50,1e-06,0.7,0.3,0.0,0.0,34.759,1798.64394
500,3,0.001,0.85,0.1,0.0,0.0,14.265,101.954271
500,3,0.001,0.85,0.2,0.0,0.0,15.213,149.806504
500,3,0.001,0.85,0.3,0.0,0.0,16.392,221.47407
500,3,0.001,0.8,0.1,0.0,0.0,14.279,102.649913
500,3,0.001,0.8,0.2,0.0,0.0,15.232,151.151389
500,3,0.001,0.8,0.3,0.0,0.0,16.417,223.91763
500,3,0.001,0.75,0.1,0.0,0.0,14.295,103.405226
500,3,0.001,0.75,0.2,0.0,0.0,15.252,152.61586599999998
500,3,0.001,0.75,0.3,0.0,0.0,16.443,226.59066
500,3,0.001,0.7,0.1,0.0,0.0,14.312,104.200144
500,3,0.001,0.7,0.2,0.0,0.0,15.273,154.209856
500,3,0.001,0.7,0.3,0.0,0.0,16.471,229.54306
500,3,0.0001,0.85,0.1,0.0,0.0,14.474,125.07088
500,3,0.0001,0.85,0.2,0.0,0.0,15.468,198.28871
500,3,0.0001,0.85,0.3,0.0,0.0,16.864,311.60931
500,3,0.0001,0.8,0.1,0.0,0.0,14.48,125.65806
500,3,0.0001,0.8,0.2,0.0,0.0,15.477,199.95546
500,3,0.0001,0.8,0.3,0.0,0.0,16.875,314.99512
500,3,0.0001,0.75,0.1,0.0,0.0,14.486,126.31497
500,3,0.0001,0.75,0.2,0.0,0.0,15.487,201.85189
500,3,0.0001,0.75,0.3,0.0,0.0,16.887,318.8505
500,3,0.0001,0.7,0.1,0.0,0.0,14.493,127.04155
500,3,0.0001,0.7,0.2,0.0,0.0,15.497,204.01795
500,3,0.0001,0.7,0.3,0.0,0.0,16.898,323.3054
500,3,1e-05,0.85,0.1,0.0,0.0,14.5,183.17389
500,3,1e-05,0.85,0.2,0.0,0.0,15.384,379.74146
500,3,1e-05,0.85,0.3,0.0,0.0,16.81,688.84847
500,3,1e-05,0.8,0.1,0.0,0.0,14.502,184.58263
500,3,1e-05,0.8,0.2,0.0,0.0,15.39,384.28978
500,3,1e-05,0.8,0.3,0.0,0.0,16.818,698.26634
500,3,1e-05,0.75,0.1,0.0,0.0,14.504,186.23125
500,3,1e-05,0.75,0.2,0.0,0.0,15.396,389.56795
500,3,1e-05,0.75,0.3,0.0,0.0,16.827,709.17401
500,3,1e-05,0.7,0.1,0.0,0.0,14.506,188.18972
500,3,1e-05,0.7,0.2,0.0,0.0,15.403,395.59593
500,3,1e-05,0.7,0.3,0.0,0.0,16.836,721.7014300000001
500,3,1e-06,0.85,0.1,0.0,0.0,14.514,568.96424
500,3,1e-06,0.85,0.2,0.0,0.0,15.307,1775.56795
500,3,1e-06,0.85,0.3,0.0,0.0,16.71,3742.59955
500,3,1e-06,0.8,0.1,0.0,0.0,14.514,573.63372
500,3,1e-06,0.8,0.2,0.0,0.0,15.309,1790.26728
500,3,1e-06,0.8,0.3,0.0,0.0,16.715,3772.29867
500,3,1e-06,0.75,0.1,0.0,0.0,14.515,579.11316
500,3,1e-06,0.75,0.2,0.0,0.0,15.312,1807.36656
500,3,1e-06,0.75,0.3,0.0,0.0,16.715,3807.09773
500,3,1e-06,0.7,0.1,0.0,0.0,14.515,585.63257
500,3,1e-06,0.7,0.2,0.0,0.0,15.315,1827.56578
500,3,1e-06,0.7,0.3,0.0,0.0,16.72,3847.79671
500,6,0.001,0.85,0.1,0.0,0.0,17.816,101.954271
500,6,0.001,0.85,0.2,0.0,0.0,19.017,149.806504
500,6,0.001,0.85,0.3,0.0,0.0,20.545,221.47407
500,6,0.001,0.8,0.1,0.0,0.0,17.834,102.649913
500,6,0.001,0.8,0.2,0.0,0.0,19.041,151.151389
500,6,0.001,0.8,0.3,0.0,0.0,20.576,223.91763
500,6,0.001,0.75,0.1,0.0,0.0,17.854,103.405226
500,6,0.001,0.75,0.2,0.0,0.0,19.066,152.61586599999998
500,6,0.001,0.75,0.3,0.0,0.0,20.609,226.59066
500,6,0.001,0.7,0.1,0.0,0.0,17.875,104.200144
500,6,0.001,0.7,0.2,0.0,0.0,19.093,154.209856
500,6,0.001,0.7,0.3,0.0,0.0,20.645,229.54306
500,6,0.0001,0.85,0.1,0.0,0.0,18.078,125.07088
500,6,0.0001,0.85,0.2,0.0,0.0,19.343,198.28871
500,6,0.0001,0.85,0.3,0.0,0.0,21.135,311.60931
500,6,0.0001,0.8,0.1,0.0,0.0,18.085,125.65806
500,6,0.0001,0.8,0.2,0.0,0.0,19.354,199.95546
500,6,0.0001,0.8,0.3,0.0,0.0,21.148,314.99512
500,6,0.0001,0.75,0.1,0.0,0.0,18.092,126.31497
500,6,0.0001,0.75,0.2,0.0,0.0,19.366,201.85189
500,6,0.0001,0.75,0.3,0.0,0.0,21.161,318.8505
500,6,0.0001,0.7,0.1,0.0,0.0,18.1,127.04155
500,6,0.0001,0.7,0.2,0.0,0.0,19.38,204.01795
500,6,0.0001,0.7,0.3,0.0,0.0,21.176,323.3054
500,6,1e-05,0.85,0.1,0.0,0.0,18.096,183.17389
500,6,1e-05,0.85,0.2,0.0,0.0,19.19,379.74146
500,6,1e-05,0.85,0.3,0.0,0.0,20.992,688.84847
500,6,1e-05,0.8,0.1,0.0,0.0,18.098,184.58263
500,6,1e-05,0.8,0.2,0.0,0.0,19.198,384.28978
500,6,1e-05,0.8,0.3,0.0,0.0,21.003,698.26634
500,6,1e-05,0.75,0.1,0.0,0.0,18.101,186.23125
500,6,1e-05,0.75,0.2,0.0,0.0,19.206,389.56795
500,6,1e-05,0.75,0.3,0.0,0.0,21.014,709.17401
500,6,1e-05,0.7,0.1,0.0,0.0,18.1,188.18972
500,6,1e-05,0.7,0.2,0.0,0.0,19.214,395.59593
500,6,1e-05,0.7,0.3,0.0,0.0,21.026,721.7014300000001
500,6,1e-06,0.85,0.1,0.0,0.0,18.114,568.96424
500,6,1e-06,0.85,0.2,0.0,0.0,19.091,1775.56795
500,6,1e-06,0.85,0.3,0.0,0.0,20.871,3742.59955
500,6,1e-06,0.8,0.1,0.0,0.0,18.115,573.63372
500,6,1e-06,0.8,0.2,0.0,0.0,19.094,1790.26728
500,6,1e-06,0.8,0.3,0.0,0.0,20.878,3772.29867
500,6,1e-06,0.75,0.1,0.0,0.0,18.115,579.11316
500,6,1e-06,0.75,0.2,0.0,0.0,19.098,1807.36656
500,6,1e-06,0.75,0.3,0.0,0.0,20.855,3807.09773
500,6,1e-06,0.7,0.1,0.0,0.0,18.116,585.63257
500,6,1e-06,0.7,0.2,0.0,0.0,19.102,1827.56578
500,6,1e-06,0.7,0.3,0.0,0.0,20.862,3847.79671
500,20,0.001,0.85,0.1,0.0,0.0,27.045,101.954271
500,20,0.001,0.85,0.2,0.0,0.0,29.136,149.806504
500,20,0.001,0.85,0.3,0.0,0.0,31.741,221.47407
500,20,0.001,0.8,0.1,0.0,0.0,27.075,102.649913
500,20,0.001,0.8,0.2,0.0,0.0,29.176,151.151389
500,20,0.001,0.8,0.3,0.0,0.0,31.792,223.91763
500,20,0.001,0.75,0.1,0.0,0.0,27.108,103.405226
500,20,0.001,0.75,0.2,0.0,0.0,29.218,152.61586599999998
500,20,0.001,0.75,0.3,0.0,0.0,31.846,226.59066
500,20,0.001,0.7,0.1,0.0,0.0,27.143,104.200144
500,20,0.001,0.7,0.2,0.0,0.0,29.263,154.209856
500,20,0.001,0.7,0.3,0.0,0.0,31.902,229.54306
500,20,0.0001,0.85,0.1,0.0,0.0,27.511,125.07088
500,20,0.0001,0.85,0.2,0.0,0.0,29.679,198.28871
500,20,0.0001,0.85,0.3,0.0,0.0,32.78,311.60931
500,20,0.0001,0.8,0.1,0.0,0.0,27.523,125.65806
500,20,0.0001,0.8,0.2,0.0,0.0,29.697,199.95546
500,20,0.0001,0.8,0.3,0.0,0.0,32.803,314.99512
500,20,0.0001,0.75,0.1,0.0,0.0,27.536,126.31497
500,20,0.0001,0.75,0.2,0.0,0.0,29.717,201.85189
500,20,0.0001,0.75,0.3,0.0,0.0,32.827,318.8505
500,20,0.0001,0.7,0.1,0.0,0.0,27.549,127.04155
500,20,0.0001,0.7,0.2,0.0,0.0,29.738,204.01795
500,20,0.0001,0.7,0.3,0.0,0.0,32.853,323.3054
500,20,1e-05,0.85,0.1,0.0,0.0,27.4,183.17389
500,20,1e-05,0.85,0.2,0.0,0.0,29.177,379.74146
500,20,1e-05,0.85,0.3,0.0,0.0,32.178,688.84847
500,20,1e-05,0.8,0.1,0.0,0.0,27.403,184.58263
500,20,1e-05,0.8,0.2,0.0,0.0,29.188,384.28978
500,20,1e-05,0.8,0.3,0.0,0.0,32.195,698.26634
500,20,1e-05,0.75,0.1,0.0,0.0,27.408,186.23125
500,20,1e-05,0.75,0.2,0.0,0.0,29.202,389.56795
500,20,1e-05,0.75,0.3,0.0,0.0,32.214,709.17401
500,20,1e-05,0.7,0.1,0.0,0.0,27.371,188.18972
500,20,1e-05,0.7,0.2,0.0,0.0,29.216,395.59593
500,20,1e-05,0.7,0.3,0.0,0.0,32.234,721.7014300000001
500,20,1e-06,0.85,0.1,0.0,0.0,27.431,568.96424
500,20,1e-06,0.85,0.2,0.0,0.0,29.011,1775.56795
500,20,1e-06,0.85,0.3,0.0,0.0,31.936,3742.59954
500,20,1e-06,0.8,0.1,0.0,0.0,27.432,573.63372
500,20,1e-06,0.8,0.2,0.0,0.0,29.015,1790.26728
500,20,1e-06,0.8,0.3,0.0,0.0,31.946,3772.39867
500,20,1e-06,0.75,0.1,0.0,0.0,27.433,579.11316
500,20,1e-06,0.75,0.2,0.0,0.0,29.021,1807.36656
500,20,1e-06,0.75,0.3,0.0,0.0,31.956,3807.09773
500,20,1e-06,0.7,0.1,0.0,0.0,27.434,585.63257
500,20,1e-06,0.7,0.2,0.0,0.0,29.028,1827.56578
500,20,1e-06,0.7,0.3,0.0,0.0,31.969,3847.79671
500,50,0.001,0.85,0.1,0.0,0.0,37.512,101.954271
500,50,0.001,0.85,0.2,0.0,0.0,40.021,149.806503
500,50,0.001,0.85,0.3,0.0,0.0,44.456,221.47407
500,50,0.001,0.8,0.1,0.0,0.0,37.556,102.659913
500,50,0.001,0.8,0.2,0.0,0.0,40.071,151.151388
500,50,0.001,0.8,0.3,0.0,0.0,44.522,223.91763
500,50,0.001,0.75,0.1,0.0,0.0,37.602,103.405226
500,50,0.001,0.75,0.2,0.0,0.0,40.128,152.615865
500,50,0.001,0.75,0.3,0.0,0.0,44.591,226.59066
500,50,0.001,0.7,0.1,0.0,0.0,37.649,104.200144
500,50,0.001,0.7,0.2,0.0,0.0,40.199,154.209855
500,50,0.001,0.7,0.3,0.0,0.0,44.661,229.54306
500,50,0.0001,0.85,0.1,0.0,0.0,38.127,125.080879
500,50,0.0001,0.85,0.2,0.0,0.0,40.47,198.29871
500,50,0.0001,0.85,0.3,0.0,0.0,44.451,311.62931
500,50,0.0001,0.8,0.1,0.0,0.0,38.14,125.66806
500,50,0.0001,0.8,0.2,0.0,0.0,40.494,199.97546
500,50,0.0001,0.8,0.3,0.0,0.0,44.479,315.00512000000003
500,50,0.0001,0.75,0.1,0.0,0.0,38.153,126.32497
500,50,0.0001,0.75,0.2,0.0,0.0,40.52,201.87189
500,50,0.0001,0.75,0.3,0.0,0.0,44.509,318.8705
500,50,0.0001,0.7,0.1,0.0,0.0,38.165,127.06155
500,50,0.0001,0.7,0.2,0.0,0.0,40.548,204.03795
500,50,0.0001,0.7,0.3,0.0,0.0,44.539,323.31539000000004
500,50,1e-05,0.85,0.1,0.0,0.0,38.305,183.19389
500,50,1e-05,0.85,0.2,0.0,0.0,40.304,379.78146
500,50,1e-05,0.85,0.3,0.0,0.0,44.409,688.90847
500,50,1e-05,0.8,0.1,0.0,0.0,38.282,184.61263
500,50,1e-05,0.8,0.2,0.0,0.0,40.329,384.34978
500,50,1e-05,0.8,0.3,0.0,0.0,44.405,698.34634
500,50,1e-05,0.75,0.1,0.0,0.0,38.241,186.27125
500,50,1e-05,0.75,0.2,0.0,0.0,40.343,389.65795
500,50,1e-05,0.75,0.3,0.0,0.0,44.451,709.29401
500,50,1e-05,0.7,0.1,0.0,0.0,38.32,188.19972
500,50,1e-05,0.7,0.2,0.0,0.0,40.372,395.70593
500,50,1e-05,0.7,0.3,0.0,0.0,44.457,721.8414300000001
500,50,1e-06,0.85,0.1,0.0,0.0,38.387,568.96424
500,50,1e-06,0.85,0.2,0.0,0.0,40.122,1775.56795
500,50,1e-06,0.85,0.3,0.0,0.0,44.115,3742.59954
500,50,1e-06,0.8,0.1,0.0,0.0,38.388,573.63372
500,50,1e-06,0.8,0.2,0.0,0.0,40.129,1790.26728
500,50,1e-06,0.8,0.3,0.0,0.0,44.126,3772.39867
500,50,1e-06,0.75,0.1,0.0,0.0,38.389,579.1231600000001
500,50,1e-06,0.75,0.2,0.0,0.0,40.136,1807.36656
500,50,1e-06,0.75,0.3,0.0,0.0,44.138,3807.09773
500,50,1e-06,0.7,0.1,0.0,0.0,38.39,585.63257
500,50,1e-06,0.7,0.2,0.0,0.0,40.147,1827.56578
500,50,1e-06,0.7,0.3,0.0,0.0,44.153,3847.89671
25,3,0.001,0.85,0.1,0.1,4.0,6.6445,3.6471533
25,3,0.001,0.85,0.2,0.1,4.0,7.1671,5.1354064
25,3,0.001,0.85,0.3,0.1,4.0,7.7781,7.3574994
25,3,0.001,0.8,0.1,0.1,4.0,6.6494,3.6594416
25,3,0.001,0.8,0.2,0.1,4.0,7.1739,5.159096
25,3,0.001,0.8,0.3,0.1,4.0,7.7859,7.3960272
25,3,0.001,0.75,0.1,0.1,4.0,6.6545,3.6723049
25,3,0.001,0.75,0.2,0.1,4.0,7.1812,5.184046
25,3,0.001,0.75,0.3,0.1,4.0,7.7943,7.437107800000001
25,3,0.001,0.7,0.1,0.1,4.0,6.6599,3.6858401
25,3,0.001,0.7,0.2,0.1,4.0,7.1888,5.210450799999999
25,3,0.001,0.7,0.3,0.1,4.0,7.8032,7.4809344
25,3,0.0001,0.85,0.1,0.1,4.0,6.955,4.5919345
25,3,0.0001,0.85,0.2,0.1,4.0,7.573,7.0055531
25,3,0.0001,0.85,0.3,0.1,4.0,8.3776,10.880335
25,3,0.0001,0.8,0.1,0.1,4.0,6.9578,4.601800999999999
25,3,0.0001,0.8,0.2,0.1,4.0,7.5767,7.0236656
25,3,0.0001,0.8,0.3,0.1,4.0,8.3822,10.910991
25,3,0.0001,0.75,0.1,0.1,4.0,6.9608,4.6122436
25,3,0.0001,0.75,0.2,0.1,4.0,7.5804,7.0430479
25,3,0.0001,0.75,0.3,0.1,4.0,8.3869,10.945609
25,3,0.0001,0.7,0.1,0.1,4.0,6.9639,4.6232581
25,3,0.0001,0.7,0.2,0.1,4.0,7.5843,7.0640948
25,3,0.0001,0.7,0.3,0.1,4.0,8.3918,10.982185
25,3,1e-05,0.85,0.1,0.1,4.0,7.0395,6.869017
25,3,1e-05,0.85,0.2,0.1,4.0,7.688,14.387474
25,3,1e-05,0.85,0.3,0.1,4.0,8.5438,26.5055
25,3,1e-05,0.8,0.1,0.1,4.0,7.0405,6.88063
25,3,1e-05,0.8,0.2,0.1,4.0,7.6893,14.413358
25,3,1e-05,0.8,0.3,0.1,4.0,8.5455,26.552348
25,3,1e-05,0.75,0.1,0.1,4.0,7.0416,6.893534
25,3,1e-05,0.75,0.2,0.1,4.0,7.6906,14.443231
25,3,1e-05,0.75,0.3,0.1,4.0,8.5472,26.605182
25,3,1e-05,0.7,0.1,0.1,4.0,7.0427,6.907927
25,3,1e-05,0.7,0.2,0.1,4.0,7.692,14.47609
25,3,1e-05,0.7,0.3,0.1,4.0,8.549,26.664999
25,3,1e-06,0.85,0.1,0.1,4.0,7.0656,24.717545
25,3,1e-06,0.85,0.2,0.1,4.0,7.7228,79.438593
25,3,1e-06,0.85,0.3,0.1,4.0,8.5922,169.35117300000002
25,3,1e-06,0.8,0.1,0.1,4.0,7.0659,24.767511
25,3,1e-06,0.8,0.2,0.1,4.0,7.723,79.53954900000001
25,3,1e-06,0.8,0.3,0.1,4.0,8.5925,169.521119
25,3,1e-06,0.75,0.1,0.1,4.0,7.0662,24.822475
25,3,1e-06,0.75,0.2,0.1,4.0,7.7234,79.65250300000001
25,3,1e-06,0.75,0.3,0.1,4.0,8.5929,169.711061
25,3,1e-06,0.7,0.1,0.1,4.0,7.0665,24.882436
25,3,1e-06,0.7,0.2,0.1,4.0,7.7237,79.778453
25,3,1e-06,0.7,0.3,0.1,4.0,8.5933,169.920998
25,6,0.001,0.85,0.1,0.1,4.0,7.3225,3.6471533
25,6,0.001,0.85,0.2,0.1,4.0,7.8985,5.1354064
25,6,0.001,0.85,0.3,0.1,4.0,8.5656,7.3574994
25,6,0.001,0.8,0.1,0.1,4.0,7.3276,3.6594416
25,6,0.001,0.8,0.2,0.1,4.0,7.9057,5.159096
25,6,0.001,0.8,0.3,0.1,4.0,8.574,7.3960272
25,6,0.001,0.75,0.1,0.1,4.0,7.3329,3.6723049
25,6,0.001,0.75,0.2,0.1,4.0,7.9133,5.184046
25,6,0.001,0.75,0.3,0.1,4.0,8.583,7.437107800000001
25,6,0.001,0.7,0.1,0.1,4.0,7.3384,3.6858401
25,6,0.001,0.7,0.2,0.1,4.0,7.9213,5.210450799999999
25,6,0.001,0.7,0.3,0.1,4.0,8.5925,7.4809344
25,6,0.0001,0.85,0.1,0.1,4.0,7.6338,4.5919345
25,6,0.0001,0.85,0.2,0.1,4.0,8.3,7.0055531
25,6,0.0001,0.85,0.3,0.1,4.0,9.1502,10.880335
25,6,0.0001,0.8,0.1,0.1,4.0,7.6367,4.601800999999999
25,6,0.0001,0.8,0.2,0.1,4.0,8.3036,7.0236656
25,6,0.0001,0.8,0.3,0.1,4.0,9.1548,10.910991
25,6,0.0001,0.75,0.1,0.1,4.0,7.6398,4.6122436
25,6,0.0001,0.75,0.2,0.1,4.0,8.3074,7.0430479
25,6,0.0001,0.75,0.3,0.1,4.0,9.1596,10.945609
25,6,0.0001,0.7,0.1,0.1,4.0,7.6429,4.6232581
25,6,0.0001,0.7,0.2,0.1,4.0,8.3114,7.0640948
25,6,0.0001,0.7,0.3,0.1,4.0,9.1646,10.982185
25,6,1e-05,0.85,0.1,0.1,4.0,7.7185,6.869017
25,6,1e-05,0.85,0.2,0.1,4.0,8.4135,14.387474
25,6,1e-05,0.85,0.3,0.1,4.0,9.3114,26.5055
25,6,1e-05,0.8,0.1,0.1,4.0,7.7195,6.88063
25,6,1e-05,0.8,0.2,0.1,4.0,8.4148,14.413358
25,6,1e-05,0.8,0.3,0.1,4.0,9.3131,26.552348
25,6,1e-05,0.75,0.1,0.1,4.0,7.7206,6.893534
25,6,1e-05,0.75,0.2,0.1,4.0,8.4161,14.443231
25,6,1e-05,0.75,0.3,0.1,4.0,9.3148,26.605182
25,6,1e-05,0.7,0.1,0.1,4.0,7.7217,6.907927
25,6,1e-05,0.7,0.2,0.1,4.0,8.4175,14.47609
25,6,1e-05,0.7,0.3,0.1,4.0,9.3166,26.664999
25,6,1e-06,0.85,0.1,0.1,4.0,7.7447,24.717545
25,6,1e-06,0.85,0.2,0.1,4.0,8.448,79.438593
25,6,1e-06,0.85,0.3,0.1,4.0,9.3586,169.35117300000002
25,6,1e-06,0.8,0.1,0.1,4.0,7.745,24.767511
25,6,1e-06,0.8,0.2,0.1,4.0,8.4483,79.53954900000001
25,6,1e-06,0.8,0.3,0.1,4.0,9.3589,169.521119
25,6,1e-06,0.75,0.1,0.1,4.0,7.7453,24.822475
25,6,1e-06,0.75,0.2,0.1,4.0,8.4486,79.65250300000001
25,6,1e-06,0.75,0.3,0.1,4.0,9.3593,169.711061
25,6,1e-06,0.7,0.1,0.1,4.0,7.7455,24.882436
25,6,1e-06,0.7,0.2,0.1,4.0,8.4489,79.778453
25,6,1e-06,0.7,0.3,0.1,4.0,9.3597,169.920998
25,20,0.001,0.85,0.1,0.1,4.0,9.5688,3.6471533
25,20,0.001,0.85,0.2,0.1,4.0,10.256,5.1354064
25,20,0.001,0.85,0.3,0.1,4.0,11.051,7.3574994
25,20,0.001,0.8,0.1,0.1,4.0,9.5748,3.6594416
25,20,0.001,0.8,0.2,0.1,4.0,10.265,5.159096
25,20,0.001,0.8,0.3,0.1,4.0,11.061,7.3960272
25,20,0.001,0.75,0.1,0.1,4.0,9.5811,3.6723049
25,20,0.001,0.75,0.2,0.1,4.0,10.274,5.184046
25,20,0.001,0.75,0.3,0.1,4.0,11.071,7.437107800000001
25,20,0.001,0.7,0.1,0.1,4.0,9.5877,3.6858401
25,20,0.001,0.7,0.2,0.1,4.0,10.283,5.210450799999999
25,20,0.001,0.7,0.3,0.1,4.0,11.083,7.4809344
25,20,0.0001,0.85,0.1,0.1,4.0,9.9224,4.5919345
25,20,0.0001,0.85,0.2,0.1,4.0,10.7,7.0055531
25,20,0.0001,0.85,0.3,0.1,4.0,11.677,10.880335
25,20,0.0001,0.8,0.1,0.1,4.0,9.9257,4.601800999999999
25,20,0.0001,0.8,0.2,0.1,4.0,10.704,7.0236656
25,20,0.0001,0.8,0.3,0.1,4.0,11.683,10.910991
25,20,0.0001,0.75,0.1,0.1,4.0,9.9292,4.6122436
25,20,0.0001,0.75,0.2,0.1,4.0,10.708,7.0430479
25,20,0.0001,0.75,0.3,0.1,4.0,11.688,10.945609
25,20,0.0001,0.7,0.1,0.1,4.0,9.9329,4.6232581
25,20,0.0001,0.7,0.2,0.1,4.0,10.713,7.0640948
25,20,0.0001,0.7,0.3,0.1,4.0,11.694,10.982185
25,20,1e-05,0.85,0.1,0.1,4.0,10.018,6.869017
25,20,1e-05,0.85,0.2,0.1,4.0,10.825,14.387474
25,20,1e-05,0.85,0.3,0.1,4.0,11.85,26.5055
25,20,1e-05,0.8,0.1,0.1,4.0,10.019,6.88063
25,20,1e-05,0.8,0.2,0.1,4.0,10.826,14.413358
25,20,1e-05,0.8,0.3,0.1,4.0,11.851,26.552348
25,20,1e-05,0.75,0.1,0.1,4.0,10.02,6.893534
25,20,1e-05,0.75,0.2,0.1,4.0,10.828,14.443231
25,20,1e-05,0.75,0.3,0.1,4.0,11.853,26.605182
25,20,1e-05,0.7,0.1,0.1,4.0,10.022,6.907927
25,20,1e-05,0.7,0.2,0.1,4.0,10.829,14.47609
25,20,1e-05,0.7,0.3,0.1,4.0,11.855,26.664999
25,20,1e-06,0.85,0.1,0.1,4.0,10.048,24.717545
25,20,1e-06,0.85,0.2,0.1,4.0,10.863,79.438593
25,20,1e-06,0.85,0.3,0.1,4.0,11.9,169.35117300000002
25,20,1e-06,0.8,0.1,0.1,4.0,10.048,24.767511
25,20,1e-06,0.8,0.2,0.1,4.0,10.863,79.53954900000001
25,20,1e-06,0.8,0.3,0.1,4.0,11.901,169.521119
25,20,1e-06,0.75,0.1,0.1,4.0,10.048,24.822475
25,20,1e-06,0.75,0.2,0.1,4.0,10.864,79.65250300000001
25,20,1e-06,0.75,0.3,0.1,4.0,11.901,169.711061
25,20,1e-06,0.7,0.1,0.1,4.0,10.049,24.882436
25,20,1e-06,0.7,0.2,0.1,4.0,10.864,79.778453
25,20,1e-06,0.7,0.3,0.1,4.0,11.902,169.920998
25,50,0.001,0.85,0.1,0.1,4.0,12.423,3.6471533
25,50,0.001,0.85,0.2,0.1,4.0,13.282,5.1354064
25,50,0.001,0.85,0.3,0.1,4.0,14.266,7.3574994
25,50,0.001,0.8,0.1,0.1,4.0,12.431,3.6594416
25,50,0.001,0.8,0.2,0.1,4.0,13.293,5.159096
25,50,0.001,0.8,0.3,0.1,4.0,14.279,7.3960272
25,50,0.001,0.75,0.1,0.1,4.0,12.439,3.6723049
25,50,0.001,0.75,0.2,0.1,4.0,13.304,5.184046
25,50,0.001,0.75,0.3,0.1,4.0,14.292,7.437107800000001
25,50,0.001,0.7,0.1,0.1,4.0,12.447,3.6858401
25,50,0.001,0.7,0.2,0.1,4.0,13.316,5.210450799999999
25,50,0.001,0.7,0.3,0.1,4.0,14.306,7.4809344
25,50,0.0001,0.85,0.1,0.1,4.0,12.864,4.5919345
25,50,0.0001,0.85,0.2,0.1,4.0,13.829,7.0055531
25,50,0.0001,0.85,0.3,0.1,4.0,15.031,10.880335
25,50,0.0001,0.8,0.1,0.1,4.0,12.868,4.601800999999999
25,50,0.0001,0.8,0.2,0.1,4.0,13.834,7.0236656
25,50,0.0001,0.8,0.3,0.1,4.0,15.037,10.910991
25,50,0.0001,0.75,0.1,0.1,4.0,12.872,4.6122436
25,50,0.0001,0.75,0.2,0.1,4.0,13.839,7.0430479
25,50,0.0001,0.75,0.3,0.1,4.0,15.044,10.945609
25,50,0.0001,0.7,0.1,0.1,4.0,12.877,4.6232581
25,50,0.0001,0.7,0.2,0.1,4.0,13.845,7.0640948
25,50,0.0001,0.7,0.3,0.1,4.0,15.051,10.982185
25,50,1e-05,0.85,0.1,0.1,4.0,12.982,6.869017
25,50,1e-05,0.85,0.2,0.1,4.0,13.983,14.387474
25,50,1e-05,0.85,0.3,0.1,4.0,15.24,26.5055
25,50,1e-05,0.8,0.1,0.1,4.0,12.984,6.88063
25,50,1e-05,0.8,0.2,0.1,4.0,13.984,14.413358
25,50,1e-05,0.8,0.3,0.1,4.0,15.243,26.552348
25,50,1e-05,0.75,0.1,0.1,4.0,12.985,6.893534
25,50,1e-05,0.75,0.2,0.1,4.0,13.986,14.443231
25,50,1e-05,0.75,0.3,0.1,4.0,15.245,26.605182
25,50,1e-05,0.7,0.1,0.1,4.0,12.987,6.907927
25,50,1e-05,0.7,0.2,0.1,4.0,13.988,14.47609
25,50,1e-05,0.7,0.3,0.1,4.0,15.247,26.664999
25,50,1e-06,0.85,0.1,0.1,4.0,13.019,24.717545
25,50,1e-06,0.85,0.2,0.1,4.0,14.03,79.438593
25,50,1e-06,0.85,0.3,0.1,4.0,15.302,169.35117300000002
25,50,1e-06,0.8,0.1,0.1,4.0,13.02,24.767511
25,50,1e-06,0.8,0.2,0.1,4.0,14.03,79.53954900000001
25,50,1e-06,0.8,0.3,0.1,4.0,15.303,169.521119
25,50,1e-06,0.75,0.1,0.1,4.0,13.02,24.822475
25,50,1e-06,0.75,0.2,0.1,4.0,14.03,79.65250300000001
25,50,1e-06,0.75,0.3,0.1,4.0,15.303,169.711061
25,50,1e-06,0.7,0.1,0.1,4.0,13.02,24.882436
25,50,1e-06,0.7,0.2,0.1,4.0,14.031,79.778453
25,50,1e-06,0.7,0.3,0.1,4.0,15.304,169.920998
100,3,0.001,0.85,0.1,0.1,4.0,8.4847,15.825312
100,3,0.001,0.85,0.2,0.1,4.0,9.1259,22.513158
100,3,0.001,0.85,0.3,0.1,4.0,9.895,32.596764
100,3,0.001,0.8,0.1,0.1,4.0,8.4923,15.896324
100,3,0.001,0.8,0.2,0.1,4.0,9.1361,22.644985
100,3,0.001,0.8,0.3,0.1,4.0,9.9078,32.82747
100,3,0.001,0.75,0.1,0.1,4.0,8.5002,15.97126
100,3,0.001,0.75,0.2,0.1,4.0,9.147,22.786711
100,3,0.001,0.75,0.3,0.1,4.0,9.9215,33.077067
100,3,0.001,0.7,0.1,0.1,4.0,8.5088,16.052111
100,3,0.001,0.7,0.2,0.1,4.0,9.1585,22.939321
100,3,0.001,0.7,0.3,0.1,4.0,9.9361,33.347539999999995
100,3,0.0001,0.85,0.1,0.1,4.0,8.7655,19.751915
100,3,0.0001,0.85,0.2,0.1,4.0,9.4768,30.355149
100,3,0.0001,0.85,0.3,0.1,4.0,10.405,47.280382
100,3,0.0001,0.8,0.1,0.1,4.0,8.7688,19.803175000000003
100,3,0.0001,0.8,0.2,0.1,4.0,9.4812,30.468258
100,3,0.0001,0.8,0.3,0.1,4.0,10.411,47.49634
100,3,0.0001,0.75,0.1,0.1,4.0,8.7721,19.85736
100,3,0.0001,0.75,0.2,0.1,4.0,9.4859,30.593278
100,3,0.0001,0.75,0.3,0.1,4.0,10.417,47.735192000000005
100,3,0.0001,0.7,0.1,0.1,4.0,8.7757,19.915459
100,3,0.0001,0.7,0.2,0.1,4.0,9.4908,30.732192
100,3,0.0001,0.7,0.3,0.1,4.0,10.423,48.001921
100,3,1e-05,0.85,0.1,0.1,4.0,8.8437,29.258465
100,3,1e-05,0.85,0.2,0.1,4.0,9.5725,60.988038
100,3,1e-05,0.85,0.3,0.1,4.0,10.539,111.957308
100,3,1e-05,0.8,0.1,0.1,4.0,8.8448,29.344177
100,3,1e-05,0.8,0.2,0.1,4.0,9.574,61.229662000000005
100,3,1e-05,0.8,0.3,0.1,4.0,10.541,112.426818
100,3,1e-05,0.75,0.1,0.1,4.0,8.8459,29.440861
100,3,1e-05,0.75,0.2,0.1,4.0,9.5756,61.505249
100,3,1e-05,0.75,0.3,0.1,4.0,10.544,112.976283
100,3,1e-05,0.7,0.1,0.1,4.0,8.8471,29.551511
100,3,1e-05,0.7,0.2,0.1,4.0,9.5773,61.823792000000005
100,3,1e-05,0.7,0.3,0.1,4.0,10.546,113.605694
100,3,1e-06,0.85,0.1,0.1,4.0,8.8685,101.357149
100,3,1e-06,0.85,0.2,0.1,4.0,9.6008,323.78736999999995
100,3,1e-06,0.85,0.3,0.1,4.0,10.577,689.0162190000001
100,3,1e-06,0.8,0.1,0.1,4.0,8.8687,101.647038
100,3,1e-06,0.8,0.2,0.1,4.0,9.6012,324.567227
100,3,1e-06,0.8,0.3,0.1,4.0,10.577,690.5060410000001
100,3,1e-06,0.75,0.1,0.1,4.0,8.869,101.976919
100,3,1e-06,0.75,0.2,0.1,4.0,9.6016,325.457074
100,3,1e-06,0.75,0.3,0.1,4.0,10.578,692.2158499999999
100,3,1e-06,0.7,0.1,0.1,4.0,8.8693,102.346791
100,3,1e-06,0.7,0.2,0.1,4.0,9.602,326.476909
100,3,1e-06,0.7,0.3,0.1,4.0,10.578,694.205644
100,6,0.001,0.85,0.1,0.1,4.0,10.123,15.825312
100,6,0.001,0.85,0.2,0.1,4.0,10.848,22.513158
100,6,0.001,0.85,0.3,0.1,4.0,11.713,32.596764
100,6,0.001,0.8,0.1,0.1,4.0,10.132,15.896324
100,6,0.001,0.8,0.2,0.1,4.0,10.859,22.644985
100,6,0.001,0.8,0.3,0.1,4.0,11.728,32.82747
100,6,0.001,0.75,0.1,0.1,4.0,10.141,15.97126
100,6,0.001,0.75,0.2,0.1,4.0,10.872,22.786711
100,6,0.001,0.75,0.3,0.1,4.0,11.743,33.077067
100,6,0.001,0.7,0.1,0.1,4.0,10.15,16.052111
100,6,0.001,0.7,0.2,0.1,4.0,10.885,22.939321
100,6,0.001,0.7,0.3,0.1,4.0,11.759,33.347539999999995
100,6,0.0001,0.85,0.1,0.1,4.0,10.437,19.751915
100,6,0.0001,0.85,0.2,0.1,4.0,11.235,30.355149
100,6,0.0001,0.85,0.3,0.1,4.0,12.266,47.280382
100,6,0.0001,0.8,0.1,0.1,4.0,10.44,19.803175000000003
100,6,0.0001,0.8,0.2,0.1,4.0,11.24,30.468258
100,6,0.0001,0.8,0.3,0.1,4.0,12.272,47.49634
100,6,0.0001,0.75,0.1,0.1,4.0,10.444,19.85736
100,6,0.0001,0.75,0.2,0.1,4.0,11.245,30.593278
100,6,0.0001,0.75,0.3,0.1,4.0,12.279,47.735192000000005
100,6,0.0001,0.7,0.1,0.1,4.0,10.448,19.915459
100,6,0.0001,0.7,0.2,0.1,4.0,11.251,30.732192
100,6,0.0001,0.7,0.3,0.1,4.0,12.286,48.001921
100,6,1e-05,0.85,0.1,0.1,4.0,10.523,29.258465
100,6,1e-05,0.85,0.2,0.1,4.0,11.339,60.988038
100,6,1e-05,0.85,0.3,0.1,4.0,12.409,111.957308
100,6,1e-05,0.8,0.1,0.1,4.0,10.524,29.344177
100,6,1e-05,0.8,0.2,0.1,4.0,11.341,61.229662000000005
100,6,1e-05,0.8,0.3,0.1,4.0,12.411,112.426818
100,6,1e-05,0.75,0.1,0.1,4.0,10.526,29.440861
100,6,1e-05,0.75,0.2,0.1,4.0,11.343,61.505249
100,6,1e-05,0.75,0.3,0.1,4.0,12.414,112.976283
100,6,1e-05,0.7,0.1,0.1,4.0,10.527,29.551511
100,6,1e-05,0.7,0.2,0.1,4.0,11.345,61.823792000000005
100,6,1e-05,0.7,0.3,0.1,4.0,12.416,113.605694
100,6,1e-06,0.85,0.1,0.1,4.0,10.551,101.357149
100,6,1e-06,0.85,0.2,0.1,4.0,11.37,323.78736999999995
100,6,1e-06,0.85,0.3,0.1,4.0,12.449,689.0162190000001
100,6,1e-06,0.8,0.1,0.1,4.0,10.551,101.647038
100,6,1e-06,0.8,0.2,0.1,4.0,11.371,324.567227
100,6,1e-06,0.8,0.3,0.1,4.0,12.45,690.5060410000001
100,6,1e-06,0.75,0.1,0.1,4.0,10.551,101.976919
100,6,1e-06,0.75,0.2,0.1,4.0,11.371,325.457074
100,6,1e-06,0.75,0.3,0.1,4.0,12.45,692.2158499999999
100,6,1e-06,0.7,0.1,0.1,4.0,10.552,102.346791
100,6,1e-06,0.7,0.2,0.1,4.0,11.372,326.476909
100,6,1e-06,0.7,0.3,0.1,4.0,12.451,694.205644
100,20,0.001,0.85,0.1,0.1,4.0,14.523,15.825312
100,20,0.001,0.85,0.2,0.1,4.0,15.484,22.513158
100,20,0.001,0.85,0.3,0.1,4.0,16.668,32.596764
100,20,0.001,0.8,0.1,0.1,4.0,14.536,15.896324
100,20,0.001,0.8,0.2,0.1,4.0,15.5,22.644985
100,20,0.001,0.8,0.3,0.1,4.0,16.688,32.82747
100,20,0.001,0.75,0.1,0.1,4.0,14.549,15.97126
100,20,0.001,0.75,0.2,0.1,4.0,15.517,22.786711
100,20,0.001,0.75,0.3,0.1,4.0,16.709,33.077067
100,20,0.001,0.7,0.1,0.1,4.0,14.562,16.052111
100,20,0.001,0.7,0.2,0.1,4.0,15.535,22.939321
100,20,0.001,0.7,0.3,0.1,4.0,16.732,33.347539999999995
100,20,0.0001,0.85,0.1,0.1,4.0,14.964,19.751915
100,20,0.0001,0.85,0.2,0.1,4.0,16.016,30.355149
100,20,0.0001,0.85,0.3,0.1,4.0,17.417,47.280382
100,20,0.0001,0.8,0.1,0.1,4.0,14.969,19.803175000000003
100,20,0.0001,0.8,0.2,0.1,4.0,16.023,30.468258
100,20,0.0001,0.8,0.3,0.1,4.0,17.426,47.49634
100,20,0.0001,0.75,0.1,0.1,4.0,14.975,19.85736
100,20,0.0001,0.75,0.2,0.1,4.0,16.03,30.593278
100,20,0.0001,0.75,0.3,0.1,4.0,17.435,47.735192000000005
100,20,0.0001,0.7,0.1,0.1,4.0,14.98,19.915459
100,20,0.0001,0.7,0.2,0.1,4.0,16.038,30.732192
100,20,0.0001,0.7,0.3,0.1,4.0,17.445,48.001921
100,20,1e-05,0.85,0.1,0.1,4.0,15.084,29.258465
100,20,1e-05,0.85,0.2,0.1,4.0,16.154,60.988038
100,20,1e-05,0.85,0.3,0.1,4.0,17.604,111.957308
100,20,1e-05,0.8,0.1,0.1,4.0,15.086,29.344177
100,20,1e-05,0.8,0.2,0.1,4.0,16.157,61.229662000000005
100,20,1e-05,0.8,0.3,0.1,4.0,17.608,112.426818
100,20,1e-05,0.75,0.1,0.1,4.0,15.088,29.440861
100,20,1e-05,0.75,0.2,0.1,4.0,16.159,61.505249
100,20,1e-05,0.75,0.3,0.1,4.0,17.611,112.976283
100,20,1e-05,0.7,0.1,0.1,4.0,15.09,29.551511
100,20,1e-05,0.7,0.2,0.1,4.0,16.162,61.823792000000005
100,20,1e-05,0.7,0.3,0.1,4.0,17.615,113.605694
100,20,1e-06,0.85,0.1,0.1,4.0,15.123,101.357149
100,20,1e-06,0.85,0.2,0.1,4.0,16.196,323.78736999999995
100,20,1e-06,0.85,0.3,0.1,4.0,17.655,689.0162190000001
100,20,1e-06,0.8,0.1,0.1,4.0,15.123,101.647038
100,20,1e-06,0.8,0.2,0.1,4.0,16.197,324.567227
100,20,1e-06,0.8,0.3,0.1,4.0,17.656,690.5060410000001
100,20,1e-06,0.75,0.1,0.1,4.0,15.124,101.976919
100,20,1e-06,0.75,0.2,0.1,4.0,16.197,325.457074
100,20,1e-06,0.75,0.3,0.1,4.0,17.657,692.2158499999999
100,20,1e-06,0.7,0.1,0.1,4.0,15.124,102.346791
100,20,1e-06,0.7,0.2,0.1,4.0,16.198,326.476909
100,20,1e-06,0.7,0.3,0.1,4.0,17.658,694.205644
100,50,0.001,0.85,0.1,0.1,4.0,19.509,15.825312
100,50,0.001,0.85,0.2,0.1,4.0,20.997,22.513158
100,50,0.001,0.85,0.3,0.1,4.0,22.578,32.596764
100,50,0.001,0.8,0.1,0.1,4.0,19.525,15.896324
100,50,0.001,0.8,0.2,0.1,4.0,21.018,22.644985
100,50,0.001,0.8,0.3,0.1,4.0,22.606,32.82747
100,50,0.001,0.75,0.1,0.1,4.0,19.543,15.97126
100,50,0.001,0.75,0.2,0.1,4.0,21.041,22.786711
100,50,0.001,0.75,0.3,0.1,4.0,22.635,33.077067
100,50,0.001,0.7,0.1,0.1,4.0,19.561,16.052111
100,50,0.001,0.7,0.2,0.1,4.0,21.065,22.939321
100,50,0.001,0.7,0.3,0.1,4.0,22.666,33.347539999999995
100,50,0.0001,0.85,0.1,0.1,4.0,20.099,19.751915
100,50,0.0001,0.85,0.2,0.1,4.0,21.731,30.355149
100,50,0.0001,0.85,0.3,0.1,4.0,23.595,47.280382
100,50,0.0001,0.8,0.1,0.1,4.0,20.106,19.803175000000003
100,50,0.0001,0.8,0.2,0.1,4.0,21.741,30.468258
100,50,0.0001,0.8,0.3,0.1,4.0,23.607,47.49634
100,50,0.0001,0.75,0.1,0.1,4.0,20.113,19.85736
100,50,0.0001,0.75,0.2,0.1,4.0,21.751,30.593278
100,50,0.0001,0.75,0.3,0.1,4.0,23.62,47.735192000000005
100,50,0.0001,0.7,0.1,0.1,4.0,20.121,19.915459
100,50,0.0001,0.7,0.2,0.1,4.0,21.762,30.732192
100,50,0.0001,0.7,0.3,0.1,4.0,23.634,48.001921
100,50,1e-05,0.85,0.1,0.1,4.0,20.259,29.258465
100,50,1e-05,0.85,0.2,0.1,4.0,21.918,60.988038
100,50,1e-05,0.85,0.3,0.1,4.0,23.848,111.957308
100,50,1e-05,0.8,0.1,0.1,4.0,20.262,29.344177
100,50,1e-05,0.8,0.2,0.1,4.0,21.922,61.229662000000005
100,50,1e-05,0.8,0.3,0.1,4.0,23.852,112.426818
100,50,1e-05,0.75,0.1,0.1,4.0,20.264,29.440861
100,50,1e-05,0.75,0.2,0.1,4.0,21.925,61.505249
100,50,1e-05,0.75,0.3,0.1,4.0,23.857,112.976283
100,50,1e-05,0.7,0.1,0.1,4.0,20.267,29.551511
100,50,1e-05,0.7,0.2,0.1,4.0,21.928,61.823792000000005
100,50,1e-05,0.7,0.3,0.1,4.0,23.862,113.605694
100,50,1e-06,0.85,0.1,0.1,4.0,20.31,101.357149
100,50,1e-06,0.85,0.2,0.1,4.0,21.976,323.78736999999995
100,50,1e-06,0.85,0.3,0.1,4.0,23.919,689.0162190000001
100,50,1e-06,0.8,0.1,0.1,4.0,20.311,101.647038
100,50,1e-06,0.8,0.2,0.1,4.0,21.977,324.567227
100,50,1e-06,0.8,0.3,0.1,4.0,23.92,690.5060410000001
100,50,1e-06,0.75,0.1,0.1,4.0,20.311,101.976919
100,50,1e-06,0.75,0.2,0.1,4.0,21.977,325.457074
100,50,1e-06,0.75,0.3,0.1,4.0,23.922,692.2158499999999
100,50,1e-06,0.7,0.1,0.1,4.0,20.312,102.346791
100,50,1e-06,0.7,0.2,0.1,4.0,21.978,326.476909
100,50,1e-06,0.7,0.3,0.1,4.0,23.923,694.205644
250,3,0.001,0.85,0.1,0.1,4.0,10.903,45.716209
250,3,0.001,0.85,0.2,0.1,4.0,11.703,66.252958
250,3,0.001,0.85,0.3,0.1,4.0,12.688,97.300865
250,3,0.001,0.8,0.1,0.1,4.0,10.914,45.979940000000006
250,3,0.001,0.8,0.2,0.1,4.0,11.718,66.75246899999999
250,3,0.001,0.8,0.3,0.1,4.0,12.707,98.208165
250,3,0.001,0.75,0.1,0.1,4.0,10.926,46.263498
250,3,0.001,0.75,0.2,0.1,4.0,11.733,67.29077299999999
250,3,0.001,0.75,0.3,0.1,4.0,12.727,99.194275
250,3,0.001,0.7,0.1,0.1,4.0,10.938,46.566862
250,3,0.001,0.7,0.2,0.1,4.0,11.749,67.875852
250,3,0.001,0.7,0.3,0.1,4.0,12.747,100.27625
250,3,0.0001,0.85,0.1,0.1,4.0,11.15,56.479241
250,3,0.0001,0.85,0.2,0.1,4.0,11.982,88.083718
250,3,0.0001,0.85,0.3,0.1,4.0,13.106,138.21117999999998
250,3,0.0001,0.8,0.1,0.1,4.0,11.155,56.670659
250,3,0.0001,0.8,0.2,0.1,4.0,11.989,88.580876
250,3,0.0001,0.8,0.3,0.1,4.0,13.115,139.199103
250,3,0.0001,0.75,0.1,0.1,4.0,11.159,56.877924
250,3,0.0001,0.75,0.2,0.1,4.0,11.996,89.137857
250,3,0.0001,0.75,0.3,0.1,4.0,13.123,140.32682599999998
250,3,0.0001,0.7,0.1,0.1,4.0,11.164,57.108011000000005
250,3,0.0001,0.7,0.2,0.1,4.0,12.004,89.766632
250,3,0.0001,0.7,0.3,0.1,4.0,13.133,141.604319
250,3,1e-05,0.85,0.1,0.1,4.0,11.214,82.47537200000001
250,3,1e-05,0.85,0.2,0.1,4.0,12.017,170.49156
250,3,1e-05,0.85,0.3,0.1,4.0,13.169,310.83976
250,3,1e-05,0.8,0.1,0.1,4.0,11.216,82.87273400000001
250,3,1e-05,0.8,0.2,0.1,4.0,12.02,171.74074000000002
250,3,1e-05,0.8,0.3,0.1,4.0,13.173,313.37872
250,3,1e-05,0.75,0.1,0.1,4.0,11.217,83.32803200000001
250,3,1e-05,0.75,0.2,0.1,4.0,12.023,173.16984000000002
250,3,1e-05,0.75,0.3,0.1,4.0,13.177,316.31758
250,3,1e-05,0.7,0.1,0.1,4.0,11.219,83.853257
250,3,1e-05,0.7,0.2,0.1,4.0,12.027,174.84886
250,3,1e-05,0.7,0.3,0.1,4.0,13.182,319.74633
250,3,1e-06,0.85,0.1,0.1,4.0,11.237,266.88079
250,3,1e-06,0.85,0.2,0.1,4.0,12.019,841.9586
250,3,1e-06,0.85,0.3,0.1,4.0,13.167,1783.55388
250,3,1e-06,0.8,0.1,0.1,4.0,11.237,268.210538
250,3,1e-06,0.8,0.2,0.1,4.0,12.019,845.99828
250,3,1e-06,0.8,0.3,0.1,4.0,13.168,1791.55349
250,3,1e-06,0.75,0.1,0.1,4.0,11.237,269.820268
250,3,1e-06,0.75,0.2,0.1,4.0,12.02,850.76793
250,3,1e-06,0.75,0.3,0.1,4.0,13.17,1800.9530599999998
250,3,1e-06,0.7,0.1,0.1,4.0,11.238,271.74998000000005
250,3,1e-06,0.7,0.2,0.1,4.0,12.022,856.36756
250,3,1e-06,0.7,0.3,0.1,4.0,13.172,1812.05261
250,6,0.001,0.85,0.1,0.1,4.0,13.385,45.716209
250,6,0.001,0.85,0.2,0.1,4.0,14.357,66.252958
250,6,0.001,0.85,0.3,0.1,4.0,15.538,97.300865
250,6,0.001,0.8,0.1,0.1,4.0,13.399,45.979940000000006
250,6,0.001,0.8,0.2,0.1,4.0,14.375,66.75246899999999
250,6,0.001,0.8,0.3,0.1,4.0,15.56,98.208165
250,6,0.001,0.75,0.1,0.1,4.0,13.413,46.263498
250,6,0.001,0.75,0.2,0.1,4.0,14.393,67.29077299999999
250,6,0.001,0.75,0.3,0.1,4.0,15.584,99.194275
250,6,0.001,0.7,0.1,0.1,4.0,13.429,46.566862
250,6,0.001,0.7,0.2,0.1,4.0,14.412,67.875852
250,6,0.001,0.7,0.3,0.1,4.0,15.608,100.27625
250,6,0.0001,0.85,0.1,0.1,4.0,13.68,56.479241
250,6,0.0001,0.85,0.2,0.1,4.0,14.683,88.083718
250,6,0.0001,0.85,0.3,0.1,4.0,16.027,138.21117999999998
250,6,0.0001,0.8,0.1,0.1,4.0,13.685,56.670659
250,6,0.0001,0.8,0.2,0.1,4.0,14.691,88.580876
250,6,0.0001,0.8,0.3,0.1,4.0,16.037,139.199103
250,6,0.0001,0.75,0.1,0.1,4.0,13.69,56.877924
250,6,0.0001,0.75,0.2,0.1,4.0,14.7,89.137857
250,6,0.0001,0.75,0.3,0.1,4.0,16.048,140.32682599999998
250,6,0.0001,0.7,0.1,0.1,4.0,13.696,57.108011000000005
250,6,0.0001,0.7,0.2,0.1,4.0,14.709,89.766632
250,6,0.0001,0.7,0.3,0.1,4.0,16.059,141.604319
250,6,1e-05,0.85,0.1,0.1,4.0,13.754,82.47537200000001
250,6,1e-05,0.85,0.2,0.1,4.0,14.719,170.49156
250,6,1e-05,0.85,0.3,0.1,4.0,16.095,310.83976
250,6,1e-05,0.8,0.1,0.1,4.0,13.756,82.87273400000001
250,6,1e-05,0.8,0.2,0.1,4.0,14.722,171.74074000000002
250,6,1e-05,0.8,0.3,0.1,4.0,16.1,313.37872
250,6,1e-05,0.75,0.1,0.1,4.0,13.758,83.32803200000001
250,6,1e-05,0.75,0.2,0.1,4.0,14.726,173.16984000000002
250,6,1e-05,0.75,0.3,0.1,4.0,16.105,316.31758
250,6,1e-05,0.7,0.1,0.1,4.0,13.76,83.853257
250,6,1e-05,0.7,0.2,0.1,4.0,14.73,174.84886
250,6,1e-05,0.7,0.3,0.1,4.0,16.111,319.74633
250,6,1e-06,0.85,0.1,0.1,4.0,13.781,266.88079
250,6,1e-06,0.85,0.2,0.1,4.0,14.712,841.9586
250,6,1e-06,0.85,0.3,0.1,4.0,16.089,1783.55388
250,6,1e-06,0.8,0.1,0.1,4.0,13.782,268.210538
250,6,1e-06,0.8,0.2,0.1,4.0,14.713,845.99828
250,6,1e-06,0.8,0.3,0.1,4.0,16.091,1791.55349
250,6,1e-06,0.75,0.1,0.1,4.0,13.782,269.820268
250,6,1e-06,0.75,0.2,0.1,4.0,14.72,850.76793
250,6,1e-06,0.75,0.3,0.1,4.0,16.093,1800.9530599999998
250,6,1e-06,0.7,0.1,0.1,4.0,13.782,271.74998000000005
250,6,1e-06,0.7,0.2,0.1,4.0,14.722,856.36756
250,6,1e-06,0.7,0.3,0.1,4.0,16.095,1812.05261
250,20,0.001,0.85,0.1,0.1,4.0,19.763,45.716209
250,20,0.001,0.85,0.2,0.1,4.0,21.249,66.252958
250,20,0.001,0.85,0.3,0.1,4.0,22.973,97.300865
250,20,0.001,0.8,0.1,0.1,4.0,19.784,45.979940000000006
250,20,0.001,0.8,0.2,0.1,4.0,21.276,66.75246899999999
250,20,0.001,0.8,0.3,0.1,4.0,23.007,98.208165
250,20,0.001,0.75,0.1,0.1,4.0,19.806,46.263498
250,20,0.001,0.75,0.2,0.1,4.0,21.303,67.29077299999999
250,20,0.001,0.75,0.3,0.1,4.0,23.042,99.194275
250,20,0.001,0.7,0.1,0.1,4.0,19.83,46.566862
250,20,0.001,0.7,0.2,0.1,4.0,21.333,67.875852
250,20,0.001,0.7,0.3,0.1,4.0,23.079,100.27625
250,20,0.0001,0.85,0.1,0.1,4.0,20.206,56.479241
250,20,0.0001,0.85,0.2,0.1,4.0,21.745,88.083718
250,20,0.0001,0.85,0.3,0.1,4.0,23.774,138.21117999999998
250,20,0.0001,0.8,0.1,0.1,4.0,20.214,56.670659
250,20,0.0001,0.8,0.2,0.1,4.0,21.758,88.580876
250,20,0.0001,0.8,0.3,0.1,4.0,23.79,139.199103
250,20,0.0001,0.75,0.1,0.1,4.0,20.223,56.877924
250,20,0.0001,0.75,0.2,0.1,4.0,21.771,89.137857
250,20,0.0001,0.75,0.3,0.1,4.0,23.806,140.32682599999998
250,20,0.0001,0.7,0.1,0.1,4.0,20.232,57.108011000000005
250,20,0.0001,0.7,0.2,0.1,4.0,21.785,89.766632
250,20,0.0001,0.7,0.3,0.1,4.0,23.822,141.604319
250,20,1e-05,0.85,0.1,0.1,4.0,20.313,82.47537200000001
250,20,1e-05,0.85,0.2,0.1,4.0,21.791,170.49156
250,20,1e-05,0.85,0.3,0.1,4.0,23.872,310.83976
250,20,1e-05,0.8,0.1,0.1,4.0,20.315,82.87273400000001
250,20,1e-05,0.8,0.2,0.1,4.0,21.797,171.74074000000002
250,20,1e-05,0.8,0.3,0.1,4.0,23.88,313.37872
250,20,1e-05,0.75,0.1,0.1,4.0,20.318,83.32803200000001
250,20,1e-05,0.75,0.2,0.1,4.0,21.803,173.16984000000002
250,20,1e-05,0.75,0.3,0.1,4.0,23.888,316.31758
250,20,1e-05,0.7,0.1,0.1,4.0,20.321,83.853257
250,20,1e-05,0.7,0.2,0.1,4.0,21.81,174.84886
250,20,1e-05,0.7,0.3,0.1,4.0,23.897,319.74633
250,20,1e-06,0.85,0.1,0.1,4.0,20.349,266.88079
250,20,1e-06,0.85,0.2,0.1,4.0,21.699,841.9586
250,20,1e-06,0.85,0.3,0.1,4.0,23.859,1783.55388
250,20,1e-06,0.8,0.1,0.1,4.0,20.35,268.210538
250,20,1e-06,0.8,0.2,0.1,4.0,21.701,845.99828
250,20,1e-06,0.8,0.3,0.1,4.0,23.862,1791.55349
250,20,1e-06,0.75,0.1,0.1,4.0,20.35,269.820268
250,20,1e-06,0.75,0.2,0.1,4.0,21.702,850.76793
250,20,1e-06,0.75,0.3,0.1,4.0,23.865,1800.9530599999998
250,20,1e-06,0.7,0.1,0.1,4.0,20.351,271.74998000000005
250,20,1e-06,0.7,0.2,0.1,4.0,21.705,856.36756
250,20,1e-06,0.7,0.3,0.1,4.0,23.869,1812.05261
250,50,0.001,0.85,0.1,0.1,4.0,27.239,45.716209
250,50,0.001,0.85,0.2,0.1,4.0,29.396,66.252958
250,50,0.001,0.85,0.3,0.1,4.0,31.817,97.300865
250,50,0.001,0.8,0.1,0.1,4.0,27.269,45.979940000000006
250,50,0.001,0.8,0.2,0.1,4.0,29.431,66.75246899999999
250,50,0.001,0.8,0.3,0.1,4.0,31.865,98.208165
250,50,0.001,0.75,0.1,0.1,4.0,27.3,46.263498
250,50,0.001,0.75,0.2,0.1,4.0,29.468,67.29077299999999
250,50,0.001,0.75,0.3,0.1,4.0,31.915,99.194275
250,50,0.001,0.7,0.1,0.1,4.0,27.333,46.566862
250,50,0.001,0.7,0.2,0.1,4.0,29.508,67.875852
250,50,0.001,0.7,0.3,0.1,4.0,31.966,100.27625
250,50,0.0001,0.85,0.1,0.1,4.0,27.88,56.479241
250,50,0.0001,0.85,0.2,0.1,4.0,30.123,88.083718
250,50,0.0001,0.85,0.3,0.1,4.0,32.954,138.21117999999998
250,50,0.0001,0.8,0.1,0.1,4.0,27.891,56.670659
250,50,0.0001,0.8,0.2,0.1,4.0,30.141,88.580876
250,50,0.0001,0.8,0.3,0.1,4.0,32.975,139.199103
250,50,0.0001,0.75,0.1,0.1,4.0,27.902,56.877924
250,50,0.0001,0.75,0.2,0.1,4.0,30.16,89.137857
250,50,0.0001,0.75,0.3,0.1,4.0,32.998,140.32682599999998
250,50,0.0001,0.7,0.1,0.1,4.0,27.915,57.108011000000005
250,50,0.0001,0.7,0.2,0.1,4.0,30.18,89.766632
250,50,0.0001,0.7,0.3,0.1,4.0,33.021,141.604319
250,50,1e-05,0.85,0.1,0.1,4.0,28.023,82.47537200000001
250,50,1e-05,0.85,0.2,0.1,4.0,30.182,170.49156
250,50,1e-05,0.85,0.3,0.1,4.0,33.07,310.83976
250,50,1e-05,0.8,0.1,0.1,4.0,28.027,82.87273400000001
250,50,1e-05,0.8,0.2,0.1,4.0,30.189,171.74074000000002
250,50,1e-05,0.8,0.3,0.1,4.0,33.08,313.37872
250,50,1e-05,0.75,0.1,0.1,4.0,28.031,83.32803200000001
250,50,1e-05,0.75,0.2,0.1,4.0,30.198,173.16984000000002
250,50,1e-05,0.75,0.3,0.1,4.0,33.092,316.31758
250,50,1e-05,0.7,0.1,0.1,4.0,28.035,83.853257
250,50,1e-05,0.7,0.2,0.1,4.0,30.207,174.84886
250,50,1e-05,0.7,0.3,0.1,4.0,33.104,319.74633
250,50,1e-06,0.85,0.1,0.1,4.0,28.068,266.88079
250,50,1e-06,0.85,0.2,0.1,4.0,30.0,841.9586
250,50,1e-06,0.85,0.3,0.1,4.0,33.05,1783.55388
250,50,1e-06,0.8,0.1,0.1,4.0,28.069,268.210538
250,50,1e-06,0.8,0.2,0.1,4.0,30.003,845.99828
250,50,1e-06,0.8,0.3,0.1,4.0,33.054,1791.55349
250,50,1e-06,0.75,0.1,0.1,4.0,28.069,269.820268
250,50,1e-06,0.75,0.2,0.1,4.0,30.005,850.76793
250,50,1e-06,0.75,0.3,0.1,4.0,33.059,1800.9530599999998
250,50,1e-06,0.7,0.1,0.1,4.0,28.07,271.74998000000005
250,50,1e-06,0.7,0.2,0.1,4.0,30.008,856.36756
250,50,1e-06,0.7,0.3,0.1,4.0,33.064,1812.05261
500,3,0.001,0.85,0.1,0.1,4.0,13.603,111.502121
500,3,0.001,0.85,0.2,0.1,4.0,14.636,164.665982
500,3,0.001,0.85,0.3,0.1,4.0,15.929,244.34431
500,3,0.001,0.8,0.1,0.1,4.0,13.618,112.267632
500,3,0.001,0.8,0.2,0.1,4.0,14.654,166.161144
500,3,0.001,0.8,0.3,0.1,4.0,15.954,247.06893
500,3,0.001,0.75,0.1,0.1,4.0,13.633,113.082806
500,3,0.001,0.75,0.2,0.1,4.0,14.673,167.775959
500,3,0.001,0.75,0.3,0.1,4.0,15.98,250.05325
500,3,0.001,0.7,0.1,0.1,4.0,13.65,113.957727
500,3,0.001,0.7,0.2,0.1,4.0,14.693,169.54039
500,3,0.001,0.7,0.3,0.1,4.0,16.008,253.33725
500,3,0.0001,0.85,0.1,0.1,4.0,13.784,136.42487300000002
500,3,0.0001,0.85,0.2,0.1,4.0,14.794,216.8412
500,3,0.0001,0.85,0.3,0.1,4.0,16.211,343.16717
500,3,0.0001,0.8,0.1,0.1,4.0,13.783,137.062055
500,3,0.0001,0.8,0.2,0.1,4.0,14.803,218.5781
500,3,0.0001,0.8,0.3,0.1,4.0,16.222,346.68384
500,3,0.0001,0.75,0.1,0.1,4.0,13.789,137.74897
500,3,0.0001,0.75,0.2,0.1,4.0,14.813,220.50471
500,3,0.0001,0.75,0.3,0.1,4.0,16.233,350.65023
500,3,0.0001,0.7,0.1,0.1,4.0,13.795,138.50558
500,3,0.0001,0.7,0.2,0.1,4.0,14.823,222.69099
500,3,0.0001,0.7,0.3,0.1,4.0,16.245,355.18631000000005
500,3,1e-05,0.85,0.1,0.1,4.0,13.799,196.46441
500,3,1e-05,0.85,0.2,0.1,4.0,14.689,402.03798
500,3,1e-05,0.85,0.3,0.1,4.0,16.097,725.2446
500,3,1e-05,0.8,0.1,0.1,4.0,13.799,198.04323
500,3,1e-05,0.8,0.2,0.1,4.0,14.695,406.70653
500,3,1e-05,0.8,0.3,0.1,4.0,16.105,734.77295
500,3,1e-05,0.75,0.1,0.1,4.0,13.802,199.74195
500,3,1e-05,0.75,0.2,0.1,4.0,14.701,411.89493
500,3,1e-05,0.75,0.3,0.1,4.0,16.112,745.40116
500,3,1e-05,0.7,0.1,0.1,4.0,13.804,201.46053
500,3,1e-05,0.7,0.2,0.1,4.0,14.707,417.67317
500,3,1e-05,0.7,0.3,0.1,4.0,16.121,757.56923
500,3,1e-06,0.85,0.1,0.1,4.0,13.812,584.51482
500,3,1e-06,0.85,0.2,0.1,4.0,14.61,1801.76112
500,3,1e-06,0.85,0.3,0.1,4.0,16.001,3780.4106
500,3,1e-06,0.8,0.1,0.1,4.0,13.813,589.45434
500,3,1e-06,0.8,0.2,0.1,4.0,14.613,1816.56051
500,3,1e-06,0.8,0.3,0.1,4.0,16.005,3810.10988
500,3,1e-06,0.75,0.1,0.1,4.0,13.813,595.28382
500,3,1e-06,0.75,0.2,0.1,4.0,14.615,1833.65986
500,3,1e-06,0.75,0.3,0.1,4.0,16.009,3844.50911
500,3,1e-06,0.7,0.1,0.1,4.0,13.813,601.52327
500,3,1e-06,0.7,0.2,0.1,4.0,14.618,1852.45917
500,3,1e-06,0.7,0.3,0.1,4.0,16.013,3883.10828
500,6,0.001,0.85,0.1,0.1,4.0,16.942,111.502121
500,6,0.001,0.85,0.2,0.1,4.0,18.254,164.665982
500,6,0.001,0.85,0.3,0.1,4.0,19.927,244.34431
500,6,0.001,0.8,0.1,0.1,4.0,16.96,112.267632
500,6,0.001,0.8,0.2,0.1,4.0,18.277,166.161144
500,6,0.001,0.8,0.3,0.1,4.0,19.96,247.06893
500,6,0.001,0.75,0.1,0.1,4.0,16.98,113.082806
500,6,0.001,0.75,0.2,0.1,4.0,18.301,167.775959
500,6,0.001,0.75,0.3,0.1,4.0,19.994,250.05325
500,6,0.001,0.7,0.1,0.1,4.0,17.0,113.957727
500,6,0.001,0.7,0.2,0.1,4.0,18.326,169.54039
500,6,0.001,0.7,0.3,0.1,4.0,20.029,253.33725
500,6,0.0001,0.85,0.1,0.1,4.0,17.168,136.42487300000002
500,6,0.0001,0.85,0.2,0.1,4.0,18.444,216.8412
500,6,0.0001,0.85,0.3,0.1,4.0,20.253,343.16717
500,6,0.0001,0.8,0.1,0.1,4.0,17.147,137.062055
500,6,0.0001,0.8,0.2,0.1,4.0,18.455,218.5781
500,6,0.0001,0.8,0.3,0.1,4.0,20.267,346.68384
500,6,0.0001,0.75,0.1,0.1,4.0,17.154,137.74897
500,6,0.0001,0.75,0.2,0.1,4.0,18.467,220.50471
500,6,0.0001,0.75,0.3,0.1,4.0,20.282,350.65023
500,6,0.0001,0.7,0.1,0.1,4.0,17.163,138.50558
500,6,0.0001,0.7,0.2,0.1,4.0,18.48,222.69099
500,6,0.0001,0.7,0.3,0.1,4.0,20.298,355.18631000000005
500,6,1e-05,0.85,0.1,0.1,4.0,17.162,196.46441
500,6,1e-05,0.85,0.2,0.1,4.0,18.262,402.03798
500,6,1e-05,0.85,0.3,0.1,4.0,20.023,725.2446
500,6,1e-05,0.8,0.1,0.1,4.0,17.156,198.04323
500,6,1e-05,0.8,0.2,0.1,4.0,18.269,406.70653
500,6,1e-05,0.8,0.3,0.1,4.0,20.033,734.77295
500,6,1e-05,0.75,0.1,0.1,4.0,17.159,199.74195
500,6,1e-05,0.75,0.2,0.1,4.0,18.272,411.89493
500,6,1e-05,0.75,0.3,0.1,4.0,20.042,745.40116
500,6,1e-05,0.7,0.1,0.1,4.0,17.161,201.46053
500,6,1e-05,0.7,0.2,0.1,4.0,18.279,417.67317
500,6,1e-05,0.7,0.3,0.1,4.0,20.053,757.56923
500,6,1e-06,0.85,0.1,0.1,4.0,17.179,584.51482
500,6,1e-06,0.85,0.2,0.1,4.0,18.157,1801.76112
500,6,1e-06,0.85,0.3,0.1,4.0,19.896,3780.4106
500,6,1e-06,0.8,0.1,0.1,4.0,17.179,589.45434
500,6,1e-06,0.8,0.2,0.1,4.0,18.161,1816.56051
500,6,1e-06,0.8,0.3,0.1,4.0,19.901,3810.10988
500,6,1e-06,0.75,0.1,0.1,4.0,17.18,595.28382
500,6,1e-06,0.75,0.2,0.1,4.0,18.164,1833.65986
500,6,1e-06,0.75,0.3,0.1,4.0,19.906,3844.50911
500,6,1e-06,0.7,0.1,0.1,4.0,17.181,601.52327
500,6,1e-06,0.7,0.2,0.1,4.0,18.168,1852.45917
500,6,1e-06,0.7,0.3,0.1,4.0,19.911,3883.10828
500,20,0.001,0.85,0.1,0.1,4.0,25.548,111.502121
500,20,0.001,0.85,0.2,0.1,4.0,27.805,164.66598100000002
500,20,0.001,0.85,0.3,0.1,4.0,30.376,244.34431
500,20,0.001,0.8,0.1,0.1,4.0,25.579,112.267632
500,20,0.001,0.8,0.2,0.1,4.0,27.841,166.161144
500,20,0.001,0.8,0.3,0.1,4.0,30.429,247.06893
500,20,0.001,0.75,0.1,0.1,4.0,25.611,113.082806
500,20,0.001,0.75,0.2,0.1,4.0,27.878,167.775959
500,20,0.001,0.75,0.3,0.1,4.0,30.483,250.05325
500,20,0.001,0.7,0.1,0.1,4.0,25.646,113.957727
500,20,0.001,0.7,0.2,0.1,4.0,27.916,169.54039
500,20,0.001,0.7,0.3,0.1,4.0,30.543,253.33725
500,20,0.0001,0.85,0.1,0.1,4.0,25.901,136.42487300000002
500,20,0.0001,0.85,0.2,0.1,4.0,28.043,216.8412
500,20,0.0001,0.85,0.3,0.1,4.0,30.925,343.16717
500,20,0.0001,0.8,0.1,0.1,4.0,25.775,137.062055
500,20,0.0001,0.8,0.2,0.1,4.0,28.061,218.5781
500,20,0.0001,0.8,0.3,0.1,4.0,30.948,346.68384
500,20,0.0001,0.75,0.1,0.1,4.0,25.787,137.74897
500,20,0.0001,0.75,0.2,0.1,4.0,28.081,220.50471
500,20,0.0001,0.75,0.3,0.1,4.0,30.97,350.65023
500,20,0.0001,0.7,0.1,0.1,4.0,25.801,138.50558
500,20,0.0001,0.7,0.2,0.1,4.0,28.102,222.69099
500,20,0.0001,0.7,0.3,0.1,4.0,30.994,355.18631000000005
500,20,1e-05,0.85,0.1,0.1,4.0,25.803,196.46441
500,20,1e-05,0.85,0.2,0.1,4.0,27.596,402.03798
500,20,1e-05,0.85,0.3,0.1,4.0,30.322,725.2446
500,20,1e-05,0.8,0.1,0.1,4.0,25.792,198.04323
500,20,1e-05,0.8,0.2,0.1,4.0,27.583,406.78652
500,20,1e-05,0.8,0.3,0.1,4.0,30.337,734.77295
500,20,1e-05,0.75,0.1,0.1,4.0,25.797,199.74195
500,20,1e-05,0.75,0.2,0.1,4.0,27.594,411.89493
500,20,1e-05,0.75,0.3,0.1,4.0,30.352,745.40116
500,20,1e-05,0.7,0.1,0.1,4.0,25.801,201.46053
500,20,1e-05,0.7,0.2,0.1,4.0,27.606,417.67317
500,20,1e-05,0.7,0.3,0.1,4.0,30.368,757.56923
500,20,1e-06,0.85,0.1,0.1,4.0,25.832,584.51482
500,20,1e-06,0.85,0.2,0.1,4.0,27.429,1801.76112
500,20,1e-06,0.85,0.3,0.1,4.0,30.119,3780.4106
500,20,1e-06,0.8,0.1,0.1,4.0,25.832,589.45434
500,20,1e-06,0.8,0.2,0.1,4.0,27.434,1816.56051
500,20,1e-06,0.8,0.3,0.1,4.0,30.126,3810.10988
500,20,1e-06,0.75,0.1,0.1,4.0,25.833,595.28382
500,20,1e-06,0.75,0.2,0.1,4.0,27.44,1833.65986
500,20,1e-06,0.75,0.3,0.1,4.0,30.135,3844.50911
500,20,1e-06,0.7,0.1,0.1,4.0,25.834,601.52327
500,20,1e-06,0.7,0.2,0.1,4.0,27.446,1852.45917
500,20,1e-06,0.7,0.3,0.1,4.0,30.143,3883.10828
500,50,0.001,0.85,0.1,0.1,4.0,35.425,111.502121
500,50,0.001,0.85,0.2,0.1,4.0,38.504,164.66598100000002
500,50,0.001,0.85,0.3,0.1,4.0,42.017,244.34431
500,50,0.001,0.8,0.1,0.1,4.0,35.464,112.267632
500,50,0.001,0.8,0.2,0.1,4.0,38.557,166.161144
500,50,0.001,0.8,0.3,0.1,4.0,42.089,247.06893
500,50,0.001,0.75,0.1,0.1,4.0,35.246,113.082805
500,50,0.001,0.75,0.2,0.1,4.0,38.608,167.775959
500,50,0.001,0.75,0.3,0.1,4.0,42.161,250.05325
500,50,0.001,0.7,0.1,0.1,4.0,35.29,113.957726
500,50,0.001,0.7,0.2,0.1,4.0,38.661,169.54039
500,50,0.001,0.7,0.3,0.1,4.0,42.236,253.33725
500,50,0.0001,0.85,0.1,0.1,4.0,35.682,136.434869
500,50,0.0001,0.85,0.2,0.1,4.0,38.736,216.8412
500,50,0.0001,0.85,0.3,0.1,4.0,42.417,343.16717
500,50,0.0001,0.8,0.1,0.1,4.0,35.699,137.062055
500,50,0.0001,0.8,0.2,0.1,4.0,38.445,218.58809
500,50,0.0001,0.8,0.3,0.1,4.0,42.447,346.68384
500,50,0.0001,0.75,0.1,0.1,4.0,35.716,137.74897
500,50,0.0001,0.75,0.2,0.1,4.0,38.787,220.50471
500,50,0.0001,0.75,0.3,0.1,4.0,42.477,350.65023
500,50,0.0001,0.7,0.1,0.1,4.0,35.735,138.50558
500,50,0.0001,0.7,0.2,0.1,4.0,38.814,222.69099
500,50,0.0001,0.7,0.3,0.1,4.0,42.507,355.18631000000005
500,50,1e-05,0.85,0.1,0.1,4.0,35.553,196.51441
500,50,1e-05,0.85,0.2,0.1,4.0,38.158,402.03798
500,50,1e-05,0.85,0.3,0.1,4.0,41.65,725.2446
500,50,1e-05,0.8,0.1,0.1,4.0,35.553,198.06323
500,50,1e-05,0.8,0.2,0.1,4.0,38.067,406.82652
500,50,1e-05,0.8,0.3,0.1,4.0,41.67,734.77295
500,50,1e-05,0.75,0.1,0.1,4.0,35.593,199.77195
500,50,1e-05,0.75,0.2,0.1,4.0,38.065,411.94493
500,50,1e-05,0.75,0.3,0.1,4.0,41.69,745.40116
500,50,1e-05,0.7,0.1,0.1,4.0,35.596,201.50053
500,50,1e-05,0.7,0.2,0.1,4.0,38.088,417.7131700000001
500,50,1e-05,0.7,0.3,0.1,4.0,41.711,757.56923
500,50,1e-06,0.85,0.1,0.1,4.0,35.597,584.52482
500,50,1e-06,0.85,0.2,0.1,4.0,37.948,1801.76112
500,50,1e-06,0.85,0.3,0.1,4.0,41.371,3780.4106
500,50,1e-06,0.8,0.1,0.1,4.0,35.598,589.46434
500,50,1e-06,0.8,0.2,0.1,4.0,37.954,1816.56051
500,50,1e-06,0.8,0.3,0.1,4.0,41.38,3810.10988
500,50,1e-06,0.75,0.1,0.1,4.0,35.599,595.30382
500,50,1e-06,0.75,0.2,0.1,4.0,37.962,1833.65986
500,50,1e-06,0.75,0.3,0.1,4.0,41.39,3844.50911
500,50,1e-06,0.7,0.1,0.1,4.0,35.601,601.54327
500,50,1e-06,0.7,0.2,0.1,4.0,37.969,1852.45917
500,50,1e-06,0.7,0.3,0.1,4.0,41.401,3883.10828
25,3,0.001,0.85,0.1,0.1,5.0,6.6568,3.6378386
25,3,0.001,0.85,0.2,0.1,5.0,7.1798,5.1213678
25,3,0.001,0.85,0.3,0.1,5.0,7.7918,7.335414099999999
25,3,0.001,0.8,0.1,0.1,5.0,6.6617,3.6500287
25,3,0.001,0.8,0.2,0.1,5.0,7.1867,5.1449592
25,3,0.001,0.8,0.3,0.1,5.0,7.7997,7.3738426
25,3,0.001,0.75,0.1,0.1,5.0,6.6668,3.662894
25,3,0.001,0.75,0.2,0.1,5.0,7.1939,5.1698109
25,3,0.001,0.75,0.3,0.1,5.0,7.808,7.4147238
25,3,0.001,0.7,0.1,0.1,5.0,6.6722,3.6763313
25,3,0.001,0.7,0.2,0.1,5.0,7.2015,5.1961174
25,3,0.001,0.7,0.3,0.1,5.0,7.8169,7.458351
25,3,0.0001,0.85,0.1,0.1,5.0,6.9677,4.579352
25,3,0.0001,0.85,0.2,0.1,5.0,7.5865,6.9865268
25,3,0.0001,0.85,0.3,0.1,5.0,8.3925,10.846987
25,3,0.0001,0.8,0.1,0.1,5.0,6.9706,4.589120599999999
25,3,0.0001,0.8,0.2,0.1,5.0,7.5901,7.0045505
25,3,0.0001,0.8,0.3,0.1,5.0,8.3971,10.877645
25,3,0.0001,0.75,0.1,0.1,5.0,6.9736,4.5994654
25,3,0.0001,0.75,0.2,0.1,5.0,7.5939,7.0239448
25,3,0.0001,0.75,0.3,0.1,5.0,8.4018,10.911267
25,3,0.0001,0.7,0.1,0.1,5.0,6.9767,4.6104826
25,3,0.0001,0.7,0.2,0.1,5.0,7.5978,7.0450047
25,3,0.0001,0.7,0.3,0.1,5.0,8.4067,10.948847
25,3,1e-05,0.85,0.1,0.1,5.0,7.0524,6.855265
25,3,1e-05,0.85,0.2,0.1,5.0,7.7017,14.364125
25,3,1e-05,0.85,0.3,0.1,5.0,8.5592,26.454431
25,3,1e-05,0.8,0.1,0.1,5.0,7.0535,6.866778
25,3,1e-05,0.8,0.2,0.1,5.0,7.703,14.390005
25,3,1e-05,0.8,0.3,0.1,5.0,8.5608,26.501281
25,3,1e-05,0.75,0.1,0.1,5.0,7.0545,6.879683
25,3,1e-05,0.75,0.2,0.1,5.0,7.7043,14.418874
25,3,1e-05,0.75,0.3,0.1,5.0,8.5626,26.554117
25,3,1e-05,0.7,0.1,0.1,5.0,7.0557,6.894078
25,3,1e-05,0.7,0.2,0.1,5.0,7.7057,14.45173
25,3,1e-05,0.7,0.3,0.1,5.0,8.5643,26.613936
25,3,1e-06,0.85,0.1,0.1,5.0,7.0786,24.692514
25,3,1e-06,0.85,0.2,0.1,5.0,7.7365,79.401471
25,3,1e-06,0.85,0.3,0.1,5.0,8.6077,169.271158
25,3,1e-06,0.8,0.1,0.1,5.0,7.0789,24.743481
25,3,1e-06,0.8,0.2,0.1,5.0,7.7368,79.502428
25,3,1e-06,0.8,0.3,0.1,5.0,8.608,169.44110500000002
25,3,1e-06,0.75,0.1,0.1,5.0,7.0792,24.798445
25,3,1e-06,0.75,0.2,0.1,5.0,7.7371,79.615382
25,3,1e-06,0.75,0.3,0.1,5.0,8.6084,169.631047
25,3,1e-06,0.7,0.1,0.1,5.0,7.0795,24.858406
25,3,1e-06,0.7,0.2,0.1,5.0,7.7375,79.741332
25,3,1e-06,0.7,0.3,0.1,5.0,8.6088,169.84098600000002
25,6,0.001,0.85,0.1,0.1,5.0,7.3313,3.6378386
25,6,0.001,0.85,0.2,0.1,5.0,7.9064,5.1213678
25,6,0.001,0.85,0.3,0.1,5.0,8.5726,7.335414099999999
25,6,0.001,0.8,0.1,0.1,5.0,7.3364,3.6500287
25,6,0.001,0.8,0.2,0.1,5.0,7.9137,5.1449592
25,6,0.001,0.8,0.3,0.1,5.0,8.581,7.3738426
25,6,0.001,0.75,0.1,0.1,5.0,7.3417,3.662894
25,6,0.001,0.75,0.2,0.1,5.0,7.9212,5.1698109
25,6,0.001,0.75,0.3,0.1,5.0,8.5899,7.4147238
25,6,0.001,0.7,0.1,0.1,5.0,7.3472,3.6763313
25,6,0.001,0.7,0.2,0.1,5.0,7.9292,5.1961174
25,6,0.001,0.7,0.3,0.1,5.0,8.5994,7.458351
25,6,0.0001,0.85,0.1,0.1,5.0,7.6425,4.579352
25,6,0.0001,0.85,0.2,0.1,5.0,8.3077,6.9865268
25,6,0.0001,0.85,0.3,0.1,5.0,9.1569,10.846987
25,6,0.0001,0.8,0.1,0.1,5.0,7.6454,4.589120599999999
25,6,0.0001,0.8,0.2,0.1,5.0,8.3114,7.0045505
25,6,0.0001,0.8,0.3,0.1,5.0,9.1616,10.877645
25,6,0.0001,0.75,0.1,0.1,5.0,7.6484,4.5994654
25,6,0.0001,0.75,0.2,0.1,5.0,8.3152,7.0239448
25,6,0.0001,0.75,0.3,0.1,5.0,9.1663,10.911267
25,6,0.0001,0.7,0.1,0.1,5.0,7.6515,4.6104826
25,6,0.0001,0.7,0.2,0.1,5.0,8.3191,7.0450047
25,6,0.0001,0.7,0.3,0.1,5.0,9.1713,10.948847
25,6,1e-05,0.85,0.1,0.1,5.0,7.7271,6.855265
25,6,1e-05,0.85,0.2,0.1,5.0,8.4212,14.364125
25,6,1e-05,0.85,0.3,0.1,5.0,9.3182,26.454431
25,6,1e-05,0.8,0.1,0.1,5.0,7.7281,6.866778
25,6,1e-05,0.8,0.2,0.1,5.0,8.4225,14.390005
25,6,1e-05,0.8,0.3,0.1,5.0,9.3199,26.501281
25,6,1e-05,0.75,0.1,0.1,5.0,7.7292,6.879683
25,6,1e-05,0.75,0.2,0.1,5.0,8.4238,14.418874
25,6,1e-05,0.75,0.3,0.1,5.0,9.3216,26.554117
25,6,1e-05,0.7,0.1,0.1,5.0,7.7303,6.894078
25,6,1e-05,0.7,0.2,0.1,5.0,8.4252,14.45173
25,6,1e-05,0.7,0.3,0.1,5.0,9.3234,26.613936
25,6,1e-06,0.85,0.1,0.1,5.0,7.7533,24.692514
25,6,1e-06,0.85,0.2,0.1,5.0,8.4557,79.401471
25,6,1e-06,0.85,0.3,0.1,5.0,9.3654,169.271158
25,6,1e-06,0.8,0.1,0.1,5.0,7.7536,24.743481
25,6,1e-06,0.8,0.2,0.1,5.0,8.456,79.502428
25,6,1e-06,0.8,0.3,0.1,5.0,9.3658,169.44110500000002
25,6,1e-06,0.75,0.1,0.1,5.0,7.7538,24.798445
25,6,1e-06,0.75,0.2,0.1,5.0,8.4563,79.615382
25,6,1e-06,0.75,0.3,0.1,5.0,9.3661,169.631047
25,6,1e-06,0.7,0.1,0.1,5.0,7.7541,24.858406
25,6,1e-06,0.7,0.2,0.1,5.0,8.4566,79.741332
25,6,1e-06,0.7,0.3,0.1,5.0,9.3665,169.84098600000002
25,20,0.001,0.85,0.1,0.1,5.0,9.5777,3.6378386
25,20,0.001,0.85,0.2,0.1,5.0,10.262,5.1213678
25,20,0.001,0.85,0.3,0.1,5.0,11.054,7.335414099999999
25,20,0.001,0.8,0.1,0.1,5.0,9.5837,3.6500287
25,20,0.001,0.8,0.2,0.1,5.0,10.271,5.1449592
25,20,0.001,0.8,0.3,0.1,5.0,11.064,7.3738426
25,20,0.001,0.75,0.1,0.1,5.0,9.5899,3.662894
25,20,0.001,0.75,0.2,0.1,5.0,10.28,5.1698109
25,20,0.001,0.75,0.3,0.1,5.0,11.074,7.4147238
25,20,0.001,0.7,0.1,0.1,5.0,9.5965,3.6763313
25,20,0.001,0.7,0.2,0.1,5.0,10.289,5.1961174
25,20,0.001,0.7,0.3,0.1,5.0,11.086,7.458351
25,20,0.0001,0.85,0.1,0.1,5.0,9.9303,4.579352
25,20,0.0001,0.85,0.2,0.1,5.0,10.704,6.9865268
25,20,0.0001,0.85,0.3,0.1,5.0,11.678,10.846987
25,20,0.0001,0.8,0.1,0.1,5.0,9.9336,4.589120599999999
25,20,0.0001,0.8,0.2,0.1,5.0,10.709,7.0045505
25,20,0.0001,0.8,0.3,0.1,5.0,11.684,10.877645
25,20,0.0001,0.75,0.1,0.1,5.0,9.9371,4.5994654
25,20,0.0001,0.75,0.2,0.1,5.0,10.713,7.0239448
25,20,0.0001,0.75,0.3,0.1,5.0,11.689,10.911267
25,20,0.0001,0.7,0.1,0.1,5.0,9.9407,4.6104826
25,20,0.0001,0.7,0.2,0.1,5.0,10.717,7.0450047
25,20,0.0001,0.7,0.3,0.1,5.0,11.695,10.948847
25,20,1e-05,0.85,0.1,0.1,5.0,10.026,6.855265
25,20,1e-05,0.85,0.2,0.1,5.0,10.829,14.364125
25,20,1e-05,0.85,0.3,0.1,5.0,11.85,26.454431
25,20,1e-05,0.8,0.1,0.1,5.0,10.027,6.866778
25,20,1e-05,0.8,0.2,0.1,5.0,10.831,14.390005
25,20,1e-05,0.8,0.3,0.1,5.0,11.852,26.501281
25,20,1e-05,0.75,0.1,0.1,5.0,10.028,6.879683
25,20,1e-05,0.75,0.2,0.1,5.0,10.832,14.418874
25,20,1e-05,0.75,0.3,0.1,5.0,11.854,26.554117
25,20,1e-05,0.7,0.1,0.1,5.0,10.029,6.894078
25,20,1e-05,0.7,0.2,0.1,5.0,10.834,14.45173
25,20,1e-05,0.7,0.3,0.1,5.0,11.856,26.613936
25,20,1e-06,0.85,0.1,0.1,5.0,10.055,24.692514
25,20,1e-06,0.85,0.2,0.1,5.0,10.867,79.401471
25,20,1e-06,0.85,0.3,0.1,5.0,11.901,169.271158
25,20,1e-06,0.8,0.1,0.1,5.0,10.056,24.743481
25,20,1e-06,0.8,0.2,0.1,5.0,10.867,79.502428
25,20,1e-06,0.8,0.3,0.1,5.0,11.901,169.44110500000002
25,20,1e-06,0.75,0.1,0.1,5.0,10.056,24.798445
25,20,1e-06,0.75,0.2,0.1,5.0,10.868,79.615382
25,20,1e-06,0.75,0.3,0.1,5.0,11.902,169.631047
25,20,1e-06,0.7,0.1,0.1,5.0,10.056,24.858406
25,20,1e-06,0.7,0.2,0.1,5.0,10.868,79.741332
25,20,1e-06,0.7,0.3,0.1,5.0,11.902,169.84098600000002
25,50,0.001,0.85,0.1,0.1,5.0,12.435,3.6378386
25,50,0.001,0.85,0.2,0.1,5.0,13.288,5.1213678
25,50,0.001,0.85,0.3,0.1,5.0,14.269,7.335414099999999
25,50,0.001,0.8,0.1,0.1,5.0,12.442,3.6500287
25,50,0.001,0.8,0.2,0.1,5.0,13.299,5.1449592
25,50,0.001,0.8,0.3,0.1,5.0,14.281,7.3738426
25,50,0.001,0.75,0.1,0.1,5.0,12.45,3.662894
25,50,0.001,0.75,0.2,0.1,5.0,13.31,5.1698109
25,50,0.001,0.75,0.3,0.1,5.0,14.295,7.4147238
25,50,0.001,0.7,0.1,0.1,5.0,12.459,3.6763313
25,50,0.001,0.7,0.2,0.1,5.0,13.322,5.1961174
25,50,0.001,0.7,0.3,0.1,5.0,14.309,7.458351
25,50,0.0001,0.85,0.1,0.1,5.0,12.874,4.579352
25,50,0.0001,0.85,0.2,0.1,5.0,13.833,6.9865268
25,50,0.0001,0.85,0.3,0.1,5.0,15.029,10.846987
25,50,0.0001,0.8,0.1,0.1,5.0,12.878,4.589120599999999
25,50,0.0001,0.8,0.2,0.1,5.0,13.838,7.0045505
25,50,0.0001,0.8,0.3,0.1,5.0,15.036,10.877645
25,50,0.0001,0.75,0.1,0.1,5.0,12.883,4.5994654
25,50,0.0001,0.75,0.2,0.1,5.0,13.843,7.0239448
25,50,0.0001,0.75,0.3,0.1,5.0,15.042,10.911267
25,50,0.0001,0.7,0.1,0.1,5.0,12.887,4.6104826
25,50,0.0001,0.7,0.2,0.1,5.0,13.849,7.0450047
25,50,0.0001,0.7,0.3,0.1,5.0,15.049,10.948847
25,50,1e-05,0.85,0.1,0.1,5.0,12.993,6.855265
25,50,1e-05,0.85,0.2,0.1,5.0,13.986,14.364125
25,50,1e-05,0.85,0.3,0.1,5.0,15.238,26.454431
25,50,1e-05,0.8,0.1,0.1,5.0,12.994,6.866778
25,50,1e-05,0.8,0.2,0.1,5.0,13.988,14.390005
25,50,1e-05,0.8,0.3,0.1,5.0,15.24,26.501281
25,50,1e-05,0.75,0.1,0.1,5.0,12.996,6.879683
25,50,1e-05,0.75,0.2,0.1,5.0,13.99,14.418874
25,50,1e-05,0.75,0.3,0.1,5.0,15.243,26.554117
25,50,1e-05,0.7,0.1,0.1,5.0,12.997,6.894078
25,50,1e-05,0.7,0.2,0.1,5.0,13.992,14.45173
25,50,1e-05,0.7,0.3,0.1,5.0,15.245,26.613936
25,50,1e-06,0.85,0.1,0.1,5.0,13.029,24.692514
25,50,1e-06,0.85,0.2,0.1,5.0,14.033,79.401471
25,50,1e-06,0.85,0.3,0.1,5.0,15.3,169.271158
25,50,1e-06,0.8,0.1,0.1,5.0,13.03,24.743481
25,50,1e-06,0.8,0.2,0.1,5.0,14.033,79.502428
25,50,1e-06,0.8,0.3,0.1,5.0,15.3,169.44110500000002
25,50,1e-06,0.75,0.1,0.1,5.0,13.03,24.798445
25,50,1e-06,0.75,0.2,0.1,5.0,14.034,79.615382
25,50,1e-06,0.75,0.3,0.1,5.0,15.301,169.631047
25,50,1e-06,0.7,0.1,0.1,5.0,13.03,24.858406
25,50,1e-06,0.7,0.2,0.1,5.0,14.034,79.741332
25,50,1e-06,0.7,0.3,0.1,5.0,15.301,169.84098600000002
100,3,0.001,0.85,0.1,0.1,5.0,8.5132,15.736747
100,3,0.001,0.85,0.2,0.1,5.0,9.1522,22.394672
100,3,0.001,0.85,0.3,0.1,5.0,9.9171,32.43882
100,3,0.001,0.8,0.1,0.1,5.0,8.5208,15.806774
100,3,0.001,0.8,0.2,0.1,5.0,9.1624,22.525499
100,3,0.001,0.8,0.3,0.1,5.0,9.9299,32.668516
100,3,0.001,0.75,0.1,0.1,5.0,8.5287,15.881726
100,3,0.001,0.75,0.2,0.1,5.0,9.1733,22.666223
100,3,0.001,0.75,0.3,0.1,5.0,9.9435,32.9161
100,3,0.001,0.7,0.1,0.1,5.0,8.5373,15.962594
100,3,0.001,0.7,0.2,0.1,5.0,9.1849,22.817832
100,3,0.001,0.7,0.3,0.1,5.0,9.9581,33.185559
100,3,0.0001,0.85,0.1,0.1,5.0,8.7941,19.636647
100,3,0.0001,0.85,0.2,0.1,5.0,9.5045,30.18231
100,3,0.0001,0.85,0.3,0.1,5.0,10.433,47.003912
100,3,0.0001,0.8,0.1,0.1,5.0,8.7973,19.686922
100,3,0.0001,0.8,0.2,0.1,5.0,9.5089,30.296463
100,3,0.0001,0.8,0.3,0.1,5.0,10.439,47.218879
100,3,0.0001,0.75,0.1,0.1,5.0,8.8007,19.741125
100,3,0.0001,0.75,0.2,0.1,5.0,9.5136,30.420531
100,3,0.0001,0.75,0.3,0.1,5.0,10.445,47.457743
100,3,0.0001,0.7,0.1,0.1,5.0,8.8042,19.799244
100,3,0.0001,0.7,0.2,0.1,5.0,9.5185,30.559497
100,3,0.0001,0.7,0.3,0.1,5.0,10.451,47.725485
100,3,1e-05,0.85,0.1,0.1,5.0,8.8721,29.134527
100,3,1e-05,0.85,0.2,0.1,5.0,9.5996,60.790081
100,3,1e-05,0.85,0.3,0.1,5.0,10.568,111.596977
100,3,1e-05,0.8,0.1,0.1,5.0,8.8732,29.220246
100,3,1e-05,0.8,0.2,0.1,5.0,9.6011,61.030695
100,3,1e-05,0.8,0.3,0.1,5.0,10.57,112.076496
100,3,1e-05,0.75,0.1,0.1,5.0,8.8743,29.316938
100,3,1e-05,0.75,0.2,0.1,5.0,9.6027,61.305273
100,3,1e-05,0.75,0.3,0.1,5.0,10.572,112.615969
100,3,1e-05,0.7,0.1,0.1,5.0,8.8755,29.426597
100,3,1e-05,0.7,0.2,0.1,5.0,9.6045,61.622808
100,3,1e-05,0.7,0.3,0.1,5.0,10.574,113.24539
100,3,1e-06,0.85,0.1,0.1,5.0,8.8968,101.187419
100,3,1e-06,0.85,0.2,0.1,5.0,9.6278,323.53727999999995
100,3,1e-06,0.85,0.3,0.1,5.0,10.605,688.5361770000001
100,3,1e-06,0.8,0.1,0.1,5.0,8.897,101.477311
100,3,1e-06,0.8,0.2,0.1,5.0,9.6282,324.307139
100,3,1e-06,0.8,0.3,0.1,5.0,10.605,690.0160030000001
100,3,1e-06,0.75,0.1,0.1,5.0,8.8973,101.807195
100,3,1e-06,0.75,0.2,0.1,5.0,9.6286,325.196988
100,3,1e-06,0.75,0.3,0.1,5.0,10.606,691.715816
100,3,1e-06,0.7,0.1,0.1,5.0,8.8976,102.18707
100,3,1e-06,0.7,0.2,0.1,5.0,9.629,326.226825
100,3,1e-06,0.7,0.3,0.1,5.0,10.606,693.695614
100,6,0.001,0.85,0.1,0.1,5.0,10.158,15.736747
100,6,0.001,0.85,0.2,0.1,5.0,10.88,22.394672
100,6,0.001,0.85,0.3,0.1,5.0,11.74,32.43882
100,6,0.001,0.8,0.1,0.1,5.0,10.166,15.806774
100,6,0.001,0.8,0.2,0.1,5.0,10.891,22.525499
100,6,0.001,0.8,0.3,0.1,5.0,11.754,32.668516
100,6,0.001,0.75,0.1,0.1,5.0,10.176,15.881726
100,6,0.001,0.75,0.2,0.1,5.0,10.904,22.666223
100,6,0.001,0.75,0.3,0.1,5.0,11.77,32.9161
100,6,0.001,0.7,0.1,0.1,5.0,10.185,15.962594
100,6,0.001,0.7,0.2,0.1,5.0,10.917,22.817832
100,6,0.001,0.7,0.3,0.1,5.0,11.786,33.185559
100,6,0.0001,0.85,0.1,0.1,5.0,10.471,19.636647
100,6,0.0001,0.85,0.2,0.1,5.0,11.267,30.18231
100,6,0.0001,0.85,0.3,0.1,5.0,12.298,47.003912
100,6,0.0001,0.8,0.1,0.1,5.0,10.475,19.686922
100,6,0.0001,0.8,0.2,0.1,5.0,11.272,30.296463
100,6,0.0001,0.8,0.3,0.1,5.0,12.305,47.218879
100,6,0.0001,0.75,0.1,0.1,5.0,10.479,19.741125
100,6,0.0001,0.75,0.2,0.1,5.0,11.277,30.420531
100,6,0.0001,0.75,0.3,0.1,5.0,12.312,47.457743
100,6,0.0001,0.7,0.1,0.1,5.0,10.483,19.799244
100,6,0.0001,0.7,0.2,0.1,5.0,11.282,30.559497
100,6,0.0001,0.7,0.3,0.1,5.0,12.319,47.725485
100,6,1e-05,0.85,0.1,0.1,5.0,10.558,29.134527
100,6,1e-05,0.85,0.2,0.1,5.0,11.37,60.790081
100,6,1e-05,0.85,0.3,0.1,5.0,12.442,111.596977
100,6,1e-05,0.8,0.1,0.1,5.0,10.559,29.220246
100,6,1e-05,0.8,0.2,0.1,5.0,11.372,61.030695
100,6,1e-05,0.8,0.3,0.1,5.0,12.444,112.076496
100,6,1e-05,0.75,0.1,0.1,5.0,10.56,29.316938
100,6,1e-05,0.75,0.2,0.1,5.0,11.374,61.305273
100,6,1e-05,0.75,0.3,0.1,5.0,12.447,112.615969
100,6,1e-05,0.7,0.1,0.1,5.0,10.562,29.426597
100,6,1e-05,0.7,0.2,0.1,5.0,11.375,61.622808
100,6,1e-05,0.7,0.3,0.1,5.0,12.45,113.24539
100,6,1e-06,0.85,0.1,0.1,5.0,10.585,101.187419
100,6,1e-06,0.85,0.2,0.1,5.0,11.402,323.53727999999995
100,6,1e-06,0.85,0.3,0.1,5.0,12.481,688.5361770000001
100,6,1e-06,0.8,0.1,0.1,5.0,10.586,101.477311
100,6,1e-06,0.8,0.2,0.1,5.0,11.403,324.307139
100,6,1e-06,0.8,0.3,0.1,5.0,12.482,690.0160030000001
100,6,1e-06,0.75,0.1,0.1,5.0,10.586,101.807195
100,6,1e-06,0.75,0.2,0.1,5.0,11.403,325.196988
100,6,1e-06,0.75,0.3,0.1,5.0,12.483,691.715816
100,6,1e-06,0.7,0.1,0.1,5.0,10.586,102.18707
100,6,1e-06,0.7,0.2,0.1,5.0,11.404,326.226825
100,6,1e-06,0.7,0.3,0.1,5.0,12.483,693.695614
100,20,0.001,0.85,0.1,0.1,5.0,14.571,15.736747
100,20,0.001,0.85,0.2,0.1,5.0,15.528,22.394672
100,20,0.001,0.85,0.3,0.1,5.0,16.712,32.43882
100,20,0.001,0.8,0.1,0.1,5.0,14.583,15.806774
100,20,0.001,0.8,0.2,0.1,5.0,15.545,22.525499
100,20,0.001,0.8,0.3,0.1,5.0,16.732,32.668516
100,20,0.001,0.75,0.1,0.1,5.0,14.596,15.881726
100,20,0.001,0.75,0.2,0.1,5.0,15.562,22.666223
100,20,0.001,0.75,0.3,0.1,5.0,16.753,32.9161
100,20,0.001,0.7,0.1,0.1,5.0,14.61,15.962594
100,20,0.001,0.7,0.2,0.1,5.0,15.581,22.817832
100,20,0.001,0.7,0.3,0.1,5.0,16.776,33.185559
100,20,0.0001,0.85,0.1,0.1,5.0,15.007,19.636647
100,20,0.0001,0.85,0.2,0.1,5.0,16.057,30.18231
100,20,0.0001,0.85,0.3,0.1,5.0,17.464,47.003912
100,20,0.0001,0.8,0.1,0.1,5.0,15.012,19.686922
100,20,0.0001,0.8,0.2,0.1,5.0,16.064,30.296463
100,20,0.0001,0.8,0.3,0.1,5.0,17.473,47.218879
100,20,0.0001,0.75,0.1,0.1,5.0,15.017,19.741125
100,20,0.0001,0.75,0.2,0.1,5.0,16.072,30.420531
100,20,0.0001,0.75,0.3,0.1,5.0,17.483,47.457743
100,20,0.0001,0.7,0.1,0.1,5.0,15.023,19.799244
100,20,0.0001,0.7,0.2,0.1,5.0,16.079,30.559497
100,20,0.0001,0.7,0.3,0.1,5.0,17.493,47.725485
100,20,1e-05,0.85,0.1,0.1,5.0,15.123,29.134527
100,20,1e-05,0.85,0.2,0.1,5.0,16.194,60.790081
100,20,1e-05,0.85,0.3,0.1,5.0,17.653,111.596977
100,20,1e-05,0.8,0.1,0.1,5.0,15.125,29.220246
100,20,1e-05,0.8,0.2,0.1,5.0,16.197,61.030695
100,20,1e-05,0.8,0.3,0.1,5.0,17.656,112.076496
100,20,1e-05,0.75,0.1,0.1,5.0,15.127,29.316938
100,20,1e-05,0.75,0.2,0.1,5.0,16.199,61.305273
100,20,1e-05,0.75,0.3,0.1,5.0,17.659,112.615969
100,20,1e-05,0.7,0.1,0.1,5.0,15.129,29.426597
100,20,1e-05,0.7,0.2,0.1,5.0,16.202,61.622808
100,20,1e-05,0.7,0.3,0.1,5.0,17.663,113.24539
100,20,1e-06,0.85,0.1,0.1,5.0,15.161,101.187419
100,20,1e-06,0.85,0.2,0.1,5.0,16.234,323.53727999999995
100,20,1e-06,0.85,0.3,0.1,5.0,17.704,688.5361770000001
100,20,1e-06,0.8,0.1,0.1,5.0,15.162,101.477311
100,20,1e-06,0.8,0.2,0.1,5.0,16.235,324.307139
100,20,1e-06,0.8,0.3,0.1,5.0,17.705,690.0160030000001
100,20,1e-06,0.75,0.1,0.1,5.0,15.162,101.807195
100,20,1e-06,0.75,0.2,0.1,5.0,16.235,325.196988
100,20,1e-06,0.75,0.3,0.1,5.0,17.706,691.715816
100,20,1e-06,0.7,0.1,0.1,5.0,15.162,102.18707
100,20,1e-06,0.7,0.2,0.1,5.0,16.236,326.226825
100,20,1e-06,0.7,0.3,0.1,5.0,17.707,693.695614
100,50,0.001,0.85,0.1,0.1,5.0,19.784,15.736747
100,50,0.001,0.85,0.2,0.1,5.0,21.046,22.394672
100,50,0.001,0.85,0.3,0.1,5.0,22.629,32.43882
100,50,0.001,0.8,0.1,0.1,5.0,19.801,15.806774
100,50,0.001,0.8,0.2,0.1,5.0,21.068,22.525499
100,50,0.001,0.8,0.3,0.1,5.0,22.656,32.668516
100,50,0.001,0.75,0.1,0.1,5.0,19.82,15.881726
100,50,0.001,0.75,0.2,0.1,5.0,21.091,22.666223
100,50,0.001,0.75,0.3,0.1,5.0,22.686,32.9161
100,50,0.001,0.7,0.1,0.1,5.0,19.839,15.962594
100,50,0.001,0.7,0.2,0.1,5.0,21.115,22.817832
100,50,0.001,0.7,0.3,0.1,5.0,22.718,33.185559
100,50,0.0001,0.85,0.1,0.1,5.0,20.188,19.636647
100,50,0.0001,0.85,0.2,0.1,5.0,21.762,30.18231
100,50,0.0001,0.85,0.3,0.1,5.0,23.676,47.003912
100,50,0.0001,0.8,0.1,0.1,5.0,20.195,19.686922
100,50,0.0001,0.8,0.2,0.1,5.0,21.772,30.296463
100,50,0.0001,0.8,0.3,0.1,5.0,23.688,47.218879
100,50,0.0001,0.75,0.1,0.1,5.0,20.202,19.741125
100,50,0.0001,0.75,0.2,0.1,5.0,21.782,30.420531
100,50,0.0001,0.75,0.3,0.1,5.0,23.702,47.457743
100,50,0.0001,0.7,0.1,0.1,5.0,20.21,19.799244
100,50,0.0001,0.7,0.2,0.1,5.0,21.793,30.559497
100,50,0.0001,0.7,0.3,0.1,5.0,23.717,47.725485
100,50,1e-05,0.85,0.1,0.1,5.0,20.347,29.134527
100,50,1e-05,0.85,0.2,0.1,5.0,21.94,60.790081
100,50,1e-05,0.85,0.3,0.1,5.0,23.925,111.596977
100,50,1e-05,0.8,0.1,0.1,5.0,20.35,29.220246
100,50,1e-05,0.8,0.2,0.1,5.0,21.943,61.030695
100,50,1e-05,0.8,0.3,0.1,5.0,23.93,112.076496
100,50,1e-05,0.75,0.1,0.1,5.0,20.352,29.316938
100,50,1e-05,0.75,0.2,0.1,5.0,21.947,61.305273
100,50,1e-05,0.75,0.3,0.1,5.0,23.936,112.615969
100,50,1e-05,0.7,0.1,0.1,5.0,20.355,29.426597
100,50,1e-05,0.7,0.2,0.1,5.0,21.951,61.622808
100,50,1e-05,0.7,0.3,0.1,5.0,23.941,113.24539
100,50,1e-06,0.85,0.1,0.1,5.0,20.398,101.187419
100,50,1e-06,0.85,0.2,0.1,5.0,21.995,323.53727999999995
100,50,1e-06,0.85,0.3,0.1,5.0,23.992,688.5361770000001
100,50,1e-06,0.8,0.1,0.1,5.0,20.399,101.477311
100,50,1e-06,0.8,0.2,0.1,5.0,21.996,324.307139
100,50,1e-06,0.8,0.3,0.1,5.0,23.993,690.0160030000001
100,50,1e-06,0.75,0.1,0.1,5.0,20.4,101.807195
100,50,1e-06,0.75,0.2,0.1,5.0,21.996,325.196988
100,50,1e-06,0.75,0.3,0.1,5.0,23.995,691.715816
100,50,1e-06,0.7,0.1,0.1,5.0,20.4,102.18707
100,50,1e-06,0.7,0.2,0.1,5.0,21.997,326.226825
100,50,1e-06,0.7,0.3,0.1,5.0,23.996,693.695614
250,3,0.001,0.85,0.1,0.1,5.0,10.985,45.389368000000005
250,3,0.001,0.85,0.2,0.1,5.0,11.781,65.975935
250,3,0.001,0.85,0.3,0.1,5.0,12.758,97.245975
250,3,0.001,0.8,0.1,0.1,5.0,10.996,45.652172
250,3,0.001,0.8,0.2,0.1,5.0,11.796,66.472482
250,3,0.001,0.8,0.3,0.1,5.0,12.777,98.151361
250,3,0.001,0.75,0.1,0.1,5.0,11.008,45.932809000000006
250,3,0.001,0.75,0.2,0.1,5.0,11.812,67.00683400000001
250,3,0.001,0.75,0.3,0.1,5.0,12.796,99.133571
250,3,0.001,0.7,0.1,0.1,5.0,11.021,46.234263
250,3,0.001,0.7,0.2,0.1,5.0,11.828,67.58697000000001
250,3,0.001,0.7,0.3,0.1,5.0,12.816,100.211552
250,3,0.0001,0.85,0.1,0.1,5.0,11.233,56.037237
250,3,0.0001,0.85,0.2,0.1,5.0,12.066,87.449253
250,3,0.0001,0.85,0.3,0.1,5.0,13.194,137.26742199999998
250,3,0.0001,0.8,0.1,0.1,5.0,11.237,56.227719
250,3,0.0001,0.8,0.2,0.1,5.0,12.072,87.945533
250,3,0.0001,0.8,0.3,0.1,5.0,13.203,138.255384
250,3,0.0001,0.75,0.1,0.1,5.0,11.242,56.435052
250,3,0.0001,0.75,0.2,0.1,5.0,12.08,88.50164
250,3,0.0001,0.75,0.3,0.1,5.0,13.212,139.383154
250,3,0.0001,0.7,0.1,0.1,5.0,11.247,56.664216
250,3,0.0001,0.7,0.2,0.1,5.0,12.087,89.12956700000001
250,3,0.0001,0.7,0.3,0.1,5.0,13.221,140.650701
250,3,1e-05,0.85,0.1,0.1,5.0,11.297,81.998024
250,3,1e-05,0.85,0.2,0.1,5.0,12.098,169.740165
250,3,1e-05,0.85,0.3,0.1,5.0,13.258,309.63962
250,3,1e-05,0.8,0.1,0.1,5.0,11.298,82.396416
250,3,1e-05,0.8,0.2,0.1,5.0,12.101,170.98934
250,3,1e-05,0.8,0.3,0.1,5.0,13.262,312.17861
250,3,1e-05,0.75,0.1,0.1,5.0,11.3,82.850747
250,3,1e-05,0.75,0.2,0.1,5.0,12.104,172.42844
250,3,1e-05,0.75,0.3,0.1,5.0,13.266,315.10751
250,3,1e-05,0.7,0.1,0.1,5.0,11.301,83.376009
250,3,1e-05,0.7,0.2,0.1,5.0,12.108,174.10744
250,3,1e-05,0.7,0.3,0.1,5.0,13.271,318.54631
250,3,1e-06,0.85,0.1,0.1,5.0,11.319,266.242464
250,3,1e-06,0.85,0.2,0.1,5.0,12.098,841.0599299999999
250,3,1e-06,0.85,0.3,0.1,5.0,13.252,1782.05507
250,3,1e-06,0.8,0.1,0.1,5.0,11.319,267.582225
250,3,1e-06,0.8,0.2,0.1,5.0,12.099,845.1096200000001
250,3,1e-06,0.8,0.3,0.1,5.0,13.254,1789.9546899999998
250,3,1e-06,0.75,0.1,0.1,5.0,11.32,269.19196900000003
250,3,1e-06,0.75,0.2,0.1,5.0,12.1,849.88929
250,3,1e-06,0.75,0.3,0.1,5.0,13.255,1799.35429
250,3,1e-06,0.7,0.1,0.1,5.0,11.32,271.12169500000005
250,3,1e-06,0.7,0.2,0.1,5.0,12.101,855.49894
250,3,1e-06,0.7,0.3,0.1,5.0,13.257,1810.35386
250,6,0.001,0.85,0.1,0.1,5.0,13.496,45.389368000000005
250,6,0.001,0.85,0.2,0.1,5.0,14.458,65.975935
250,6,0.001,0.85,0.3,0.1,5.0,15.63,97.245975
250,6,0.001,0.8,0.1,0.1,5.0,13.51,45.652172
250,6,0.001,0.8,0.2,0.1,5.0,14.475,66.472482
250,6,0.001,0.8,0.3,0.1,5.0,15.652,98.151361
250,6,0.001,0.75,0.1,0.1,5.0,13.524,45.932809000000006
250,6,0.001,0.75,0.2,0.1,5.0,14.494,67.00683400000001
250,6,0.001,0.75,0.3,0.1,5.0,15.675,99.133571
250,6,0.001,0.7,0.1,0.1,5.0,13.54,46.234263
250,6,0.001,0.7,0.2,0.1,5.0,14.514,67.58697000000001
250,6,0.001,0.7,0.3,0.1,5.0,15.7,100.211552
250,6,0.0001,0.85,0.1,0.1,5.0,13.79,56.037237
250,6,0.0001,0.85,0.2,0.1,5.0,14.791,87.449253
250,6,0.0001,0.85,0.3,0.1,5.0,16.137,137.26742199999998
250,6,0.0001,0.8,0.1,0.1,5.0,13.795,56.227719
250,6,0.0001,0.8,0.2,0.1,5.0,14.799,87.945533
250,6,0.0001,0.8,0.3,0.1,5.0,16.148,138.255384
250,6,0.0001,0.75,0.1,0.1,5.0,13.8,56.435052
250,6,0.0001,0.75,0.2,0.1,5.0,14.808,88.50164
250,6,0.0001,0.75,0.3,0.1,5.0,16.159,139.383154
250,6,0.0001,0.7,0.1,0.1,5.0,13.806,56.664216
250,6,0.0001,0.7,0.2,0.1,5.0,14.817,89.12956700000001
250,6,0.0001,0.7,0.3,0.1,5.0,16.17,140.650701
250,6,1e-05,0.85,0.1,0.1,5.0,13.865,81.998024
250,6,1e-05,0.85,0.2,0.1,5.0,14.823,169.740165
250,6,1e-05,0.85,0.3,0.1,5.0,16.208,309.63962
250,6,1e-05,0.8,0.1,0.1,5.0,13.867,82.396416
250,6,1e-05,0.8,0.2,0.1,5.0,14.827,170.98934
250,6,1e-05,0.8,0.3,0.1,5.0,16.213,312.17861
250,6,1e-05,0.75,0.1,0.1,5.0,13.869,82.850747
250,6,1e-05,0.75,0.2,0.1,5.0,14.831,172.42844
250,6,1e-05,0.75,0.3,0.1,5.0,16.218,315.10751
250,6,1e-05,0.7,0.1,0.1,5.0,13.871,83.376009
250,6,1e-05,0.7,0.2,0.1,5.0,14.835,174.10744
250,6,1e-05,0.7,0.3,0.1,5.0,16.224,318.54631
250,6,1e-06,0.85,0.1,0.1,5.0,13.892,266.242464
250,6,1e-06,0.85,0.2,0.1,5.0,14.817,841.0599299999999
250,6,1e-06,0.85,0.3,0.1,5.0,16.199,1782.05507
250,6,1e-06,0.8,0.1,0.1,5.0,13.893,267.582225
250,6,1e-06,0.8,0.2,0.1,5.0,14.818,845.1096200000001
250,6,1e-06,0.8,0.3,0.1,5.0,16.201,1789.9546899999998
250,6,1e-06,0.75,0.1,0.1,5.0,13.893,269.19196900000003
250,6,1e-06,0.75,0.2,0.1,5.0,14.82,849.88929
250,6,1e-06,0.75,0.3,0.1,5.0,16.203,1799.35429
250,6,1e-06,0.7,0.1,0.1,5.0,13.893,271.12169500000005
250,6,1e-06,0.7,0.2,0.1,5.0,14.821,855.49894
250,6,1e-06,0.7,0.3,0.1,5.0,16.206,1810.35386
250,20,0.001,0.85,0.1,0.1,5.0,19.957,45.389368000000005
250,20,0.001,0.85,0.2,0.1,5.0,21.395,65.975935
250,20,0.001,0.85,0.3,0.1,5.0,23.1,97.245975
250,20,0.001,0.8,0.1,0.1,5.0,19.978,45.652172
250,20,0.001,0.8,0.2,0.1,5.0,21.422,66.472482
250,20,0.001,0.8,0.3,0.1,5.0,23.133,98.151361
250,20,0.001,0.75,0.1,0.1,5.0,20.0,45.932809000000006
250,20,0.001,0.75,0.2,0.1,5.0,21.449,67.00683400000001
250,20,0.001,0.75,0.3,0.1,5.0,23.168,99.133571
250,20,0.001,0.7,0.1,0.1,5.0,20.024,46.234263
250,20,0.001,0.7,0.2,0.1,5.0,21.478,67.58697000000001
250,20,0.001,0.7,0.3,0.1,5.0,23.205,100.211552
250,20,0.0001,0.85,0.1,0.1,5.0,20.39,56.037237
250,20,0.0001,0.85,0.2,0.1,5.0,21.884,87.449253
250,20,0.0001,0.85,0.3,0.1,5.0,23.92,137.26742199999998
250,20,0.0001,0.8,0.1,0.1,5.0,20.398,56.227719
250,20,0.0001,0.8,0.2,0.1,5.0,21.896,87.945533
250,20,0.0001,0.8,0.3,0.1,5.0,23.936,138.255384
250,20,0.0001,0.75,0.1,0.1,5.0,20.407,56.435052
250,20,0.0001,0.75,0.2,0.1,5.0,21.909,88.50164
250,20,0.0001,0.75,0.3,0.1,5.0,23.952,139.383154
250,20,0.0001,0.7,0.1,0.1,5.0,20.416,56.664216
250,20,0.0001,0.7,0.2,0.1,5.0,21.923,89.12956700000001
250,20,0.0001,0.7,0.3,0.1,5.0,23.969,140.650701
250,20,1e-05,0.85,0.1,0.1,5.0,20.492,81.998024
250,20,1e-05,0.85,0.2,0.1,5.0,21.928,169.740165
250,20,1e-05,0.85,0.3,0.1,5.0,24.02,309.63962
250,20,1e-05,0.8,0.1,0.1,5.0,20.494,82.396416
250,20,1e-05,0.8,0.2,0.1,5.0,21.933,170.98934
250,20,1e-05,0.8,0.3,0.1,5.0,24.028,312.17861
250,20,1e-05,0.75,0.1,0.1,5.0,20.497,82.850747
250,20,1e-05,0.75,0.2,0.1,5.0,21.94,172.42844
250,20,1e-05,0.75,0.3,0.1,5.0,24.037,315.10751
250,20,1e-05,0.7,0.1,0.1,5.0,20.5,83.376009
250,20,1e-05,0.7,0.2,0.1,5.0,21.946,174.10744
250,20,1e-05,0.7,0.3,0.1,5.0,24.046,318.54631
250,20,1e-06,0.85,0.1,0.1,5.0,20.529,266.242464
250,20,1e-06,0.85,0.2,0.1,5.0,21.856,841.0599299999999
250,20,1e-06,0.85,0.3,0.1,5.0,24.001,1782.05507
250,20,1e-06,0.8,0.1,0.1,5.0,20.529,267.582225
250,20,1e-06,0.8,0.2,0.1,5.0,21.857,845.1096200000001
250,20,1e-06,0.8,0.3,0.1,5.0,24.004,1789.9546899999998
250,20,1e-06,0.75,0.1,0.1,5.0,20.53,269.19196900000003
250,20,1e-06,0.75,0.2,0.1,5.0,21.859,849.88929
250,20,1e-06,0.75,0.3,0.1,5.0,24.008,1799.35429
250,20,1e-06,0.7,0.1,0.1,5.0,20.531,271.12169500000005
250,20,1e-06,0.7,0.2,0.1,5.0,21.861,855.49894
250,20,1e-06,0.7,0.3,0.1,5.0,24.012,1810.35386
250,50,0.001,0.85,0.1,0.1,5.0,27.522,45.389368000000005
250,50,0.001,0.85,0.2,0.1,5.0,29.571,65.975935
250,50,0.001,0.85,0.3,0.1,5.0,32.071,97.245975
250,50,0.001,0.8,0.1,0.1,5.0,27.551,45.652172
250,50,0.001,0.8,0.2,0.1,5.0,29.605,66.472482
250,50,0.001,0.8,0.3,0.1,5.0,32.117,98.151361
250,50,0.001,0.75,0.1,0.1,5.0,27.583,45.932809000000006
250,50,0.001,0.75,0.2,0.1,5.0,29.641,67.00683400000001
250,50,0.001,0.75,0.3,0.1,5.0,32.162,99.133571
250,50,0.001,0.7,0.1,0.1,5.0,27.617,46.234263
250,50,0.001,0.7,0.2,0.1,5.0,29.679,67.58697000000001
250,50,0.001,0.7,0.3,0.1,5.0,32.209,100.211552
250,50,0.0001,0.85,0.1,0.1,5.0,28.143,56.037237
250,50,0.0001,0.85,0.2,0.1,5.0,30.302,87.449253
250,50,0.0001,0.85,0.3,0.1,5.0,33.26,137.26742199999998
250,50,0.0001,0.8,0.1,0.1,5.0,28.154,56.227719
250,50,0.0001,0.8,0.2,0.1,5.0,30.321,87.945533
250,50,0.0001,0.8,0.3,0.1,5.0,33.282,138.255384
250,50,0.0001,0.75,0.1,0.1,5.0,28.166,56.435052
250,50,0.0001,0.75,0.2,0.1,5.0,30.34,88.50164
250,50,0.0001,0.75,0.3,0.1,5.0,33.305,139.383154
250,50,0.0001,0.7,0.1,0.1,5.0,28.179,56.664216
250,50,0.0001,0.7,0.2,0.1,5.0,30.362,89.12956700000001
250,50,0.0001,0.7,0.3,0.1,5.0,33.329,140.650701
250,50,1e-05,0.85,0.1,0.1,5.0,28.295,81.998024
250,50,1e-05,0.85,0.2,0.1,5.0,30.336,169.740165
250,50,1e-05,0.85,0.3,0.1,5.0,33.384,309.63962
250,50,1e-05,0.8,0.1,0.1,5.0,28.299,82.396416
250,50,1e-05,0.8,0.2,0.1,5.0,30.344,170.98934
250,50,1e-05,0.8,0.3,0.1,5.0,33.395,312.17861
250,50,1e-05,0.75,0.1,0.1,5.0,28.303,82.850747
250,50,1e-05,0.75,0.2,0.1,5.0,30.353,172.42844
250,50,1e-05,0.75,0.3,0.1,5.0,33.408,315.10751
250,50,1e-05,0.7,0.1,0.1,5.0,28.308,83.376009
250,50,1e-05,0.7,0.2,0.1,5.0,30.363,174.10744
250,50,1e-05,0.7,0.3,0.1,5.0,33.422,318.54631
250,50,1e-06,0.85,0.1,0.1,5.0,28.354,266.242464
250,50,1e-06,0.85,0.2,0.1,5.0,30.19,841.0599299999999
250,50,1e-06,0.85,0.3,0.1,5.0,33.347,1782.05507
250,50,1e-06,0.8,0.1,0.1,5.0,28.355,267.582225
250,50,1e-06,0.8,0.2,0.1,5.0,30.192,845.1096200000001
250,50,1e-06,0.8,0.3,0.1,5.0,33.351,1789.9546899999998
250,50,1e-06,0.75,0.1,0.1,5.0,28.249,269.19196900000003
250,50,1e-06,0.75,0.2,0.1,5.0,30.195,849.88929
250,50,1e-06,0.75,0.3,0.1,5.0,33.357,1799.35429
250,50,1e-06,0.7,0.1,0.1,5.0,28.356,271.12169500000005
250,50,1e-06,0.7,0.2,0.1,5.0,30.198,855.49894
250,50,1e-06,0.7,0.3,0.1,5.0,33.362,1810.35386
500,3,0.001,0.85,0.1,0.1,5.0,13.786,110.567527
500,3,0.001,0.85,0.2,0.1,5.0,14.824,164.566576
500,3,0.001,0.85,0.3,0.1,5.0,16.122,245.6293
500,3,0.001,0.8,0.1,0.1,5.0,13.801,111.323228
500,3,0.001,0.8,0.2,0.1,5.0,14.842,166.062162
500,3,0.001,0.8,0.3,0.1,5.0,16.147,248.4045
500,3,0.001,0.75,0.1,0.1,5.0,13.818,112.128647
500,3,0.001,0.75,0.2,0.1,5.0,14.862,167.667442
500,3,0.001,0.75,0.3,0.1,5.0,16.173,251.42944
500,3,0.001,0.7,0.1,0.1,5.0,13.835,112.983706
500,3,0.001,0.7,0.2,0.1,5.0,14.882,169.402387
500,3,0.001,0.7,0.3,0.1,5.0,16.199,254.7441
500,3,0.0001,0.85,0.1,0.1,5.0,13.967,135.08116900000002
500,3,0.0001,0.85,0.2,0.1,5.0,14.992,215.06
500,3,0.0001,0.85,0.3,0.1,5.0,16.428,341.00779
500,3,0.0001,0.8,0.1,0.1,5.0,13.967,135.71849
500,3,0.0001,0.8,0.2,0.1,5.0,15.002,216.7877
500,3,0.0001,0.8,0.3,0.1,5.0,16.44,344.51707
500,3,0.0001,0.75,0.1,0.1,5.0,13.973,136.40555999999998
500,3,0.0001,0.75,0.2,0.1,5.0,15.012,218.71518
500,3,0.0001,0.75,0.3,0.1,5.0,16.452,348.4764
500,3,0.0001,0.7,0.1,0.1,5.0,13.98,137.15236
500,3,0.0001,0.7,0.2,0.1,5.0,15.023,220.9024
500,3,0.0001,0.7,0.3,0.1,5.0,16.464,353.00581
500,3,1e-05,0.85,0.1,0.1,5.0,13.981,194.98557
500,3,1e-05,0.85,0.2,0.1,5.0,14.881,399.85627
500,3,1e-05,0.85,0.3,0.1,5.0,16.342,721.97301
500,3,1e-05,0.8,0.1,0.1,5.0,13.982,196.56448
500,3,1e-05,0.8,0.2,0.1,5.0,14.887,404.53485
500,3,1e-05,0.8,0.3,0.1,5.0,16.349,731.51152
500,3,1e-05,0.75,0.1,0.1,5.0,13.984,198.26328
500,3,1e-05,0.75,0.2,0.1,5.0,14.893,409.72331
500,3,1e-05,0.75,0.3,0.1,5.0,16.357,742.13993
500,3,1e-05,0.7,0.1,0.1,5.0,13.987,199.98196
500,3,1e-05,0.7,0.2,0.1,5.0,14.9,415.49162
500,3,1e-05,0.7,0.3,0.1,5.0,16.366,754.30822
500,3,1e-06,0.85,0.1,0.1,5.0,13.995,582.6091899999999
500,3,1e-06,0.85,0.2,0.1,5.0,14.793,1799.3655299999998
500,3,1e-06,0.85,0.3,0.1,5.0,16.242,3776.31334
500,3,1e-06,0.8,0.1,0.1,5.0,13.995,587.5687399999999
500,3,1e-06,0.8,0.2,0.1,5.0,14.796,1814.16496
500,3,1e-06,0.8,0.3,0.1,5.0,16.246,3806.0127
500,3,1e-06,0.75,0.1,0.1,5.0,13.996,593.40827
500,3,1e-06,0.75,0.2,0.1,5.0,14.799,1831.26436
500,3,1e-06,0.75,0.3,0.1,5.0,16.251,3840.312
500,3,1e-06,0.7,0.1,0.1,5.0,13.996,599.66777
500,3,1e-06,0.7,0.2,0.1,5.0,14.802,1850.06371
500,3,1e-06,0.7,0.3,0.1,5.0,16.255,3878.91125
500,6,0.001,0.85,0.1,0.1,5.0,17.19,110.567527
500,6,0.001,0.85,0.2,0.1,5.0,18.499,164.566576
500,6,0.001,0.85,0.3,0.1,5.0,20.177,245.6293
500,6,0.001,0.8,0.1,0.1,5.0,17.209,111.323228
500,6,0.001,0.8,0.2,0.1,5.0,18.523,166.062162
500,6,0.001,0.8,0.3,0.1,5.0,20.21,248.4045
500,6,0.001,0.75,0.1,0.1,5.0,17.23,112.128647
500,6,0.001,0.75,0.2,0.1,5.0,18.547,167.667442
500,6,0.001,0.75,0.3,0.1,5.0,20.245,251.42944
500,6,0.001,0.7,0.1,0.1,5.0,17.251,112.983706
500,6,0.001,0.7,0.2,0.1,5.0,18.573,169.402387
500,6,0.001,0.7,0.3,0.1,5.0,20.281,254.7441
500,6,0.0001,0.85,0.1,0.1,5.0,17.405,135.08116900000002
500,6,0.0001,0.85,0.2,0.1,5.0,18.703,215.06
500,6,0.0001,0.85,0.3,0.1,5.0,20.538,341.00779
500,6,0.0001,0.8,0.1,0.1,5.0,17.395,135.71849
500,6,0.0001,0.8,0.2,0.1,5.0,18.715,216.7877
500,6,0.0001,0.8,0.3,0.1,5.0,20.552,344.51707
500,6,0.0001,0.75,0.1,0.1,5.0,17.403,136.40555999999998
500,6,0.0001,0.75,0.2,0.1,5.0,18.727,218.71518
500,6,0.0001,0.75,0.3,0.1,5.0,20.566,348.4764
500,6,0.0001,0.7,0.1,0.1,5.0,17.412,137.15236
500,6,0.0001,0.7,0.2,0.1,5.0,18.74,220.9024
500,6,0.0001,0.7,0.3,0.1,5.0,20.581,353.00581
500,6,1e-05,0.85,0.1,0.1,5.0,17.408,194.98557
500,6,1e-05,0.85,0.2,0.1,5.0,18.519,399.85627
500,6,1e-05,0.85,0.3,0.1,5.0,20.364,721.97301
500,6,1e-05,0.8,0.1,0.1,5.0,17.407,196.56448
500,6,1e-05,0.8,0.2,0.1,5.0,18.527,404.53485
500,6,1e-05,0.8,0.3,0.1,5.0,20.374,731.51152
500,6,1e-05,0.75,0.1,0.1,5.0,17.41,198.26328
500,6,1e-05,0.75,0.2,0.1,5.0,18.529,409.72331
500,6,1e-05,0.75,0.3,0.1,5.0,20.384,742.13993
500,6,1e-05,0.7,0.1,0.1,5.0,17.412,199.98196
500,6,1e-05,0.7,0.2,0.1,5.0,18.537,415.49162
500,6,1e-05,0.7,0.3,0.1,5.0,20.395,754.30822
500,6,1e-06,0.85,0.1,0.1,5.0,17.425,582.6091899999999
500,6,1e-06,0.85,0.2,0.1,5.0,18.402,1799.3655299999998
500,6,1e-06,0.85,0.3,0.1,5.0,20.234,3776.31334
500,6,1e-06,0.8,0.1,0.1,5.0,17.426,587.5687399999999
500,6,1e-06,0.8,0.2,0.1,5.0,18.405,1814.16496
500,6,1e-06,0.8,0.3,0.1,5.0,20.239,3806.0127
500,6,1e-06,0.75,0.1,0.1,5.0,17.426,593.40827
500,6,1e-06,0.75,0.2,0.1,5.0,18.409,1831.26436
500,6,1e-06,0.75,0.3,0.1,5.0,20.245,3840.312
500,6,1e-06,0.7,0.1,0.1,5.0,17.427,599.66777
500,6,1e-06,0.7,0.2,0.1,5.0,18.413,1850.06371
500,6,1e-06,0.7,0.3,0.1,5.0,20.251,3878.91125
500,20,0.001,0.85,0.1,0.1,5.0,25.986,110.567527
500,20,0.001,0.85,0.2,0.1,5.0,28.208,164.566576
500,20,0.001,0.85,0.3,0.1,5.0,30.839,245.6293
500,20,0.001,0.8,0.1,0.1,5.0,26.019,111.323228
500,20,0.001,0.8,0.2,0.1,5.0,28.242,166.062162
500,20,0.001,0.8,0.3,0.1,5.0,30.884,248.4045
500,20,0.001,0.75,0.1,0.1,5.0,26.053,112.128647
500,20,0.001,0.75,0.2,0.1,5.0,28.274,167.667442
500,20,0.001,0.75,0.3,0.1,5.0,30.934,251.42944
500,20,0.001,0.7,0.1,0.1,5.0,26.089,112.983706
500,20,0.001,0.7,0.2,0.1,5.0,28.313,169.402387
500,20,0.001,0.7,0.3,0.1,5.0,30.986,254.7441
500,20,0.0001,0.85,0.1,0.1,5.0,26.332,135.08116900000002
500,20,0.0001,0.85,0.2,0.1,5.0,28.453,215.06
500,20,0.0001,0.85,0.3,0.1,5.0,31.502,341.00779
500,20,0.0001,0.8,0.1,0.1,5.0,26.237,135.71849
500,20,0.0001,0.8,0.2,0.1,5.0,28.472,216.7877
500,20,0.0001,0.8,0.3,0.1,5.0,31.524,344.51707
500,20,0.0001,0.75,0.1,0.1,5.0,26.25,136.40555999999998
500,20,0.0001,0.75,0.2,0.1,5.0,28.493,218.71518
500,20,0.0001,0.75,0.3,0.1,5.0,31.546,348.4764
500,20,0.0001,0.7,0.1,0.1,5.0,26.264,137.15236
500,20,0.0001,0.7,0.2,0.1,5.0,28.514,220.9024
500,20,0.0001,0.7,0.3,0.1,5.0,31.568,353.00581
500,20,1e-05,0.85,0.1,0.1,5.0,26.275,194.98557
500,20,1e-05,0.85,0.2,0.1,5.0,27.986,399.85627
500,20,1e-05,0.85,0.3,0.1,5.0,30.977,721.97301
500,20,1e-05,0.8,0.1,0.1,5.0,26.266,196.56448
500,20,1e-05,0.8,0.2,0.1,5.0,27.957,404.61485
500,20,1e-05,0.8,0.3,0.1,5.0,30.993,731.51152
500,20,1e-05,0.75,0.1,0.1,5.0,26.27,198.26328
500,20,1e-05,0.75,0.2,0.1,5.0,27.97,409.72331
500,20,1e-05,0.75,0.3,0.1,5.0,31.009,742.13993
500,20,1e-05,0.7,0.1,0.1,5.0,26.274,199.98196
500,20,1e-05,0.7,0.2,0.1,5.0,27.983,415.49162
500,20,1e-05,0.7,0.3,0.1,5.0,31.026,754.30822
500,20,1e-06,0.85,0.1,0.1,5.0,26.306,582.6091899999999
500,20,1e-06,0.85,0.2,0.1,5.0,27.796,1799.3655299999998
500,20,1e-06,0.85,0.3,0.1,5.0,30.767,3776.31334
500,20,1e-06,0.8,0.1,0.1,5.0,26.307,587.5687399999999
500,20,1e-06,0.8,0.2,0.1,5.0,27.801,1814.16496
500,20,1e-06,0.8,0.3,0.1,5.0,30.775,3806.0127
500,20,1e-06,0.75,0.1,0.1,5.0,26.308,593.40827
500,20,1e-06,0.75,0.2,0.1,5.0,27.808,1831.26436
500,20,1e-06,0.75,0.3,0.1,5.0,30.784,3840.312
500,20,1e-06,0.7,0.1,0.1,5.0,26.309,599.66777
500,20,1e-06,0.7,0.2,0.1,5.0,27.814,1850.06371
500,20,1e-06,0.7,0.3,0.1,5.0,30.793,3878.91125
500,50,0.001,0.85,0.1,0.1,5.0,36.267,110.567527
500,50,0.001,0.85,0.2,0.1,5.0,39.184,164.566576
500,50,0.001,0.85,0.3,0.1,5.0,42.795,245.6293
500,50,0.001,0.8,0.1,0.1,5.0,35.967,111.323226
500,50,0.001,0.8,0.2,0.1,5.0,39.228,166.062162
500,50,0.001,0.8,0.3,0.1,5.0,42.861,248.4045
500,50,0.001,0.75,0.1,0.1,5.0,36.01,112.128644
500,50,0.001,0.75,0.2,0.1,5.0,39.277,167.667442
500,50,0.001,0.75,0.3,0.1,5.0,42.929,251.42944
500,50,0.001,0.7,0.1,0.1,5.0,36.058,112.993703
500,50,0.001,0.7,0.2,0.1,5.0,39.326,169.402387
500,50,0.001,0.7,0.3,0.1,5.0,43.006,254.7441
500,50,0.0001,0.85,0.1,0.1,5.0,36.489,135.091168
500,50,0.0001,0.85,0.2,0.1,5.0,39.507,215.06
500,50,0.0001,0.85,0.3,0.1,5.0,43.473,341.00779
500,50,0.0001,0.8,0.1,0.1,5.0,36.378,135.71849
500,50,0.0001,0.8,0.2,0.1,5.0,39.533,216.7877
500,50,0.0001,0.8,0.3,0.1,5.0,43.501,344.51707
500,50,0.0001,0.75,0.1,0.1,5.0,36.393,136.40555999999998
500,50,0.0001,0.75,0.2,0.1,5.0,39.56,218.71518
500,50,0.0001,0.75,0.3,0.1,5.0,43.524,348.4764
500,50,0.0001,0.7,0.1,0.1,5.0,36.413,137.16236
500,50,0.0001,0.7,0.2,0.1,5.0,39.588,220.9024
500,50,0.0001,0.7,0.3,0.1,5.0,43.549,353.00581
500,50,1e-05,0.85,0.1,0.1,5.0,36.407,195.02557
500,50,1e-05,0.85,0.2,0.1,5.0,38.846,399.85627
500,50,1e-05,0.85,0.3,0.1,5.0,42.687,721.97301
500,50,1e-05,0.8,0.1,0.1,5.0,36.408,196.57448
500,50,1e-05,0.8,0.2,0.1,5.0,38.713,404.65485
500,50,1e-05,0.8,0.3,0.1,5.0,42.708,731.51152
500,50,1e-05,0.75,0.1,0.1,5.0,36.41,198.28328
500,50,1e-05,0.75,0.2,0.1,5.0,38.724,409.76331
500,50,1e-05,0.75,0.3,0.1,5.0,42.728,742.13993
500,50,1e-05,0.7,0.1,0.1,5.0,36.416,200.00196
500,50,1e-05,0.7,0.2,0.1,5.0,38.741,415.54162
500,50,1e-05,0.7,0.3,0.1,5.0,42.75,754.30822
500,50,1e-06,0.85,0.1,0.1,5.0,36.462,582.6191899999999
500,50,1e-06,0.85,0.2,0.1,5.0,38.607,1799.3655299999998
500,50,1e-06,0.85,0.3,0.1,5.0,42.4,3776.31334
500,50,1e-06,0.8,0.1,0.1,5.0,36.463,587.5787399999999
500,50,1e-06,0.8,0.2,0.1,5.0,38.614,1814.16496
500,50,1e-06,0.8,0.3,0.1,5.0,42.41,3806.0127
500,50,1e-06,0.75,0.1,0.1,5.0,36.464,593.41827
500,50,1e-06,0.75,0.2,0.1,5.0,38.623,1831.26436
500,50,1e-06,0.75,0.3,0.1,5.0,42.421,3840.312
500,50,1e-06,0.7,0.1,0.1,5.0,36.466,599.67777
500,50,1e-06,0.7,0.2,0.1,5.0,38.631,1850.06371
500,50,1e-06,0.7,0.3,0.1,5.0,42.433,3878.91125
25,3,0.001,0.85,0.1,0.2,4.0,6.6073,4.0947113
25,3,0.001,0.85,0.2,0.2,4.0,7.1374,5.8794465
25,3,0.001,0.85,0.3,0.2,4.0,7.7562,8.6489802
25,3,0.001,0.8,0.1,0.2,4.0,6.6123,4.1094925
25,3,0.001,0.8,0.2,0.2,4.0,7.1444,5.9083518
25,3,0.001,0.8,0.3,0.2,4.0,7.7641,8.6981418
25,3,0.001,0.75,0.1,0.2,4.0,6.6175,4.1249485
25,3,0.001,0.75,0.2,0.2,4.0,7.1517,5.9389199
25,3,0.001,0.75,0.3,0.2,4.0,7.7725,8.750560799999999
25,3,0.001,0.7,0.1,0.2,4.0,6.6229,4.141176
25,3,0.001,0.7,0.2,0.2,4.0,7.1594,5.9713457
25,3,0.001,0.7,0.3,0.2,4.0,7.7815,8.8068313
25,3,0.0001,0.85,0.1,0.2,4.0,6.9242,5.1825259
25,3,0.0001,0.85,0.2,0.2,4.0,7.5582,8.0369898
25,3,0.0001,0.85,0.3,0.2,4.0,8.3914,12.857629
25,3,0.0001,0.8,0.1,0.2,4.0,6.9272,5.193996299999999
25,3,0.0001,0.8,0.2,0.2,4.0,7.5619,8.0580114
25,3,0.0001,0.8,0.3,0.2,4.0,8.3961,12.895281
25,3,0.0001,0.75,0.1,0.2,4.0,6.9302,5.206143
25,3,0.0001,0.75,0.2,0.2,4.0,7.5658,8.080504000000001
25,3,0.0001,0.75,0.3,0.2,4.0,8.401,12.935897
25,3,0.0001,0.7,0.1,0.2,4.0,6.9334,5.219061900000001
25,3,0.0001,0.7,0.2,0.2,4.0,7.5698,8.104763
25,3,0.0001,0.7,0.3,0.2,4.0,8.406,12.979471
25,3,1e-05,0.85,0.1,0.2,4.0,7.011,7.534962999999999
25,3,1e-05,0.85,0.2,0.2,4.0,7.6779,15.557938
25,3,1e-05,0.85,0.3,0.2,4.0,8.5694,28.793528
25,3,1e-05,0.8,0.1,0.2,4.0,7.012,7.546976
25,3,1e-05,0.8,0.2,0.2,4.0,7.6793,15.585818
25,3,1e-05,0.8,0.3,0.2,4.0,8.5712,28.843375
25,3,1e-05,0.75,0.1,0.2,4.0,7.0131,7.56038
25,3,1e-05,0.75,0.2,0.2,4.0,7.6806,15.616687
25,3,1e-05,0.75,0.3,0.2,4.0,8.5729,28.899207
25,3,1e-05,0.7,0.1,0.2,4.0,7.0142,7.575175000000001
25,3,1e-05,0.7,0.2,0.2,4.0,7.682,15.651542999999998
25,3,1e-05,0.7,0.3,0.2,4.0,8.5748,28.963023
25,3,1e-06,0.85,0.1,0.2,4.0,7.0385,25.442321
25,3,1e-06,0.85,0.2,0.2,4.0,7.7143,80.868153
25,3,1e-06,0.85,0.3,0.2,4.0,8.6209,171.860148
25,3,1e-06,0.8,0.1,0.2,4.0,7.0387,25.498289
25,3,1e-06,0.8,0.2,0.2,4.0,7.7146,80.979111
25,3,1e-06,0.8,0.3,0.2,4.0,8.6213,172.030096
25,3,1e-06,0.75,0.1,0.2,4.0,7.0389,25.560255
25,3,1e-06,0.75,0.2,0.2,4.0,7.7149,81.102066
25,3,1e-06,0.75,0.3,0.2,4.0,8.6216,172.22004
25,3,1e-06,0.7,0.1,0.2,4.0,7.0392,25.627219
25,3,1e-06,0.7,0.2,0.2,4.0,7.7152,81.238017
25,3,1e-06,0.7,0.3,0.2,4.0,8.622,172.439979
25,6,0.001,0.85,0.1,0.2,4.0,7.299,4.0947113
25,6,0.001,0.85,0.2,0.2,4.0,7.891,5.8794465
25,6,0.001,0.85,0.3,0.2,4.0,8.5768,8.6489802
25,6,0.001,0.8,0.1,0.2,4.0,7.3042,4.1094925
25,6,0.001,0.8,0.2,0.2,4.0,7.8984,5.9083518
25,6,0.001,0.8,0.3,0.2,4.0,8.5854,8.6981418
25,6,0.001,0.75,0.1,0.2,4.0,7.3096,4.1249485
25,6,0.001,0.75,0.2,0.2,4.0,7.9062,5.9389199
25,6,0.001,0.75,0.3,0.2,4.0,8.5947,8.750560799999999
25,6,0.001,0.7,0.1,0.2,4.0,7.3154,4.141176
25,6,0.001,0.7,0.2,0.2,4.0,7.9145,5.9713457
25,6,0.001,0.7,0.3,0.2,4.0,8.6045,8.8068313
25,6,0.0001,0.85,0.1,0.2,4.0,7.6201,5.1825259
25,6,0.0001,0.85,0.2,0.2,4.0,8.3118,8.0369898
25,6,0.0001,0.85,0.3,0.2,4.0,9.205,12.857629
25,6,0.0001,0.8,0.1,0.2,4.0,7.6232,5.193996299999999
25,6,0.0001,0.8,0.2,0.2,4.0,8.3156,8.0580114
25,6,0.0001,0.8,0.3,0.2,4.0,9.2099,12.895281
25,6,0.0001,0.75,0.1,0.2,4.0,7.6263,5.206143
25,6,0.0001,0.75,0.2,0.2,4.0,8.3196,8.080504000000001
25,6,0.0001,0.75,0.3,0.2,4.0,9.2149,12.935897
25,6,0.0001,0.7,0.1,0.2,4.0,7.6296,5.219061900000001
25,6,0.0001,0.7,0.2,0.2,4.0,8.3237,8.104763
25,6,0.0001,0.7,0.3,0.2,4.0,9.2202,12.979471
25,6,1e-05,0.85,0.1,0.2,4.0,7.708,7.534962999999999
25,6,1e-05,0.85,0.2,0.2,4.0,8.4314,15.557938
25,6,1e-05,0.85,0.3,0.2,4.0,9.3798,28.793528
25,6,1e-05,0.8,0.1,0.2,4.0,7.709,7.546976
25,6,1e-05,0.8,0.2,0.2,4.0,8.4327,15.585818
25,6,1e-05,0.8,0.3,0.2,4.0,9.3815,28.843375
25,6,1e-05,0.75,0.1,0.2,4.0,7.7101,7.56038
25,6,1e-05,0.75,0.2,0.2,4.0,8.4341,15.616687
25,6,1e-05,0.75,0.3,0.2,4.0,9.3833,28.899207
25,6,1e-05,0.7,0.1,0.2,4.0,7.7112,7.575175000000001
25,6,1e-05,0.7,0.2,0.2,4.0,8.4355,15.651542999999998
25,6,1e-05,0.7,0.3,0.2,4.0,9.3852,28.963023
25,6,1e-06,0.85,0.1,0.2,4.0,7.7359,25.442321
25,6,1e-06,0.85,0.2,0.2,4.0,8.4679,80.868153
25,6,1e-06,0.85,0.3,0.2,4.0,9.4307,171.860148
25,6,1e-06,0.8,0.1,0.2,4.0,7.7361,25.498289
25,6,1e-06,0.8,0.2,0.2,4.0,8.4681,80.979111
25,6,1e-06,0.8,0.3,0.2,4.0,9.431,172.030096
25,6,1e-06,0.75,0.1,0.2,4.0,7.7363,25.560255
25,6,1e-06,0.75,0.2,0.2,4.0,8.4684,81.102066
25,6,1e-06,0.75,0.3,0.2,4.0,9.4314,172.22004
25,6,1e-06,0.7,0.1,0.2,4.0,7.7366,25.627219
25,6,1e-06,0.7,0.2,0.2,4.0,8.4687,81.238017
25,6,1e-06,0.7,0.3,0.2,4.0,9.4317,172.439979
25,20,0.001,0.85,0.1,0.2,4.0,9.5331,4.0947113
25,20,0.001,0.85,0.2,0.2,4.0,10.246,5.8794465
25,20,0.001,0.85,0.3,0.2,4.0,11.075,8.6489802
25,20,0.001,0.8,0.1,0.2,4.0,9.5394,4.1094925
25,20,0.001,0.8,0.2,0.2,4.0,10.255,5.9083518
25,20,0.001,0.8,0.3,0.2,4.0,11.085,8.6981418
25,20,0.001,0.75,0.1,0.2,4.0,9.5459,4.1249485
25,20,0.001,0.75,0.2,0.2,4.0,10.264,5.9389199
25,20,0.001,0.75,0.3,0.2,4.0,11.096,8.750560799999999
25,20,0.001,0.7,0.1,0.2,4.0,9.5527,4.141176
25,20,0.001,0.7,0.2,0.2,4.0,10.274,5.9713457
25,20,0.001,0.7,0.3,0.2,4.0,11.108,8.8068313
25,20,0.0001,0.85,0.1,0.2,4.0,9.8986,5.1825259
25,20,0.0001,0.85,0.2,0.2,4.0,10.71,8.0369898
25,20,0.0001,0.85,0.3,0.2,4.0,11.745,12.857629
25,20,0.0001,0.8,0.1,0.2,4.0,9.9021,5.193996299999999
25,20,0.0001,0.8,0.2,0.2,4.0,10.714,8.0580114
25,20,0.0001,0.8,0.3,0.2,4.0,11.751,12.895281
25,20,0.0001,0.75,0.1,0.2,4.0,9.9058,5.206143
25,20,0.0001,0.75,0.2,0.2,4.0,10.719,8.080504000000001
25,20,0.0001,0.75,0.3,0.2,4.0,11.757,12.935897
25,20,0.0001,0.7,0.1,0.2,4.0,9.9096,5.219061900000001
25,20,0.0001,0.7,0.2,0.2,4.0,10.724,8.104763
25,20,0.0001,0.7,0.3,0.2,4.0,11.763,12.979471
25,20,1e-05,0.85,0.1,0.2,4.0,9.9981,7.534962999999999
25,20,1e-05,0.85,0.2,0.2,4.0,10.842,15.557938
25,20,1e-05,0.85,0.3,0.2,4.0,11.931,28.793528
25,20,1e-05,0.8,0.1,0.2,4.0,9.9993,7.546976
25,20,1e-05,0.8,0.2,0.2,4.0,10.843,15.585818
25,20,1e-05,0.8,0.3,0.2,4.0,11.933,28.843375
25,20,1e-05,0.75,0.1,0.2,4.0,10.001,7.56038
25,20,1e-05,0.75,0.2,0.2,4.0,10.845,15.616687
25,20,1e-05,0.75,0.3,0.2,4.0,11.935,28.899207
25,20,1e-05,0.7,0.1,0.2,4.0,10.002,7.575175000000001
25,20,1e-05,0.7,0.2,0.2,4.0,10.847,15.651542999999998
25,20,1e-05,0.7,0.3,0.2,4.0,11.937,28.963023
25,20,1e-06,0.85,0.1,0.2,4.0,10.03,25.442321
25,20,1e-06,0.85,0.2,0.2,4.0,10.883,80.868153
25,20,1e-06,0.85,0.3,0.2,4.0,11.986,171.860148
25,20,1e-06,0.8,0.1,0.2,4.0,10.03,25.498289
25,20,1e-06,0.8,0.2,0.2,4.0,10.883,80.979111
25,20,1e-06,0.8,0.3,0.2,4.0,11.986,172.030096
25,20,1e-06,0.75,0.1,0.2,4.0,10.03,25.560255
25,20,1e-06,0.75,0.2,0.2,4.0,10.883,81.102066
25,20,1e-06,0.75,0.3,0.2,4.0,11.987,172.22004
25,20,1e-06,0.7,0.1,0.2,4.0,10.031,25.627219
25,20,1e-06,0.7,0.2,0.2,4.0,10.883,81.238017
25,20,1e-06,0.7,0.3,0.2,4.0,11.987,172.439979
25,50,0.001,0.85,0.1,0.2,4.0,12.367,4.0947113
25,50,0.001,0.85,0.2,0.2,4.0,13.26,5.8794465
25,50,0.001,0.85,0.3,0.2,4.0,14.292,8.6489802
25,50,0.001,0.8,0.1,0.2,4.0,12.375,4.1094925
25,50,0.001,0.8,0.2,0.2,4.0,13.272,5.9083518
25,50,0.001,0.8,0.3,0.2,4.0,14.306,8.6981418
25,50,0.001,0.75,0.1,0.2,4.0,12.383,4.1249485
25,50,0.001,0.75,0.2,0.2,4.0,13.283,5.9389199
25,50,0.001,0.75,0.3,0.2,4.0,14.32,8.750560799999999
25,50,0.001,0.7,0.1,0.2,4.0,12.392,4.141176
25,50,0.001,0.7,0.2,0.2,4.0,13.296,5.9713457
25,50,0.001,0.7,0.3,0.2,4.0,14.335,8.8068313
25,50,0.0001,0.85,0.1,0.2,4.0,12.821,5.1825259
25,50,0.0001,0.85,0.2,0.2,4.0,13.832,8.0369898
25,50,0.0001,0.85,0.3,0.2,4.0,15.108,12.857629
25,50,0.0001,0.8,0.1,0.2,4.0,12.826,5.193996299999999
25,50,0.0001,0.8,0.2,0.2,4.0,13.838,8.0580114
25,50,0.0001,0.8,0.3,0.2,4.0,15.115,12.895281
25,50,0.0001,0.75,0.1,0.2,4.0,12.83,5.206143
25,50,0.0001,0.75,0.2,0.2,4.0,13.843,8.080504000000001
25,50,0.0001,0.75,0.3,0.2,4.0,15.122,12.935897
25,50,0.0001,0.7,0.1,0.2,4.0,12.835,5.219061900000001
25,50,0.0001,0.7,0.2,0.2,4.0,13.849,8.104763
25,50,0.0001,0.7,0.3,0.2,4.0,15.129,12.979471
25,50,1e-05,0.85,0.1,0.2,4.0,12.945,7.534962999999999
25,50,1e-05,0.85,0.2,0.2,4.0,13.994,15.557938
25,50,1e-05,0.85,0.3,0.2,4.0,15.333,28.793528
25,50,1e-05,0.8,0.1,0.2,4.0,12.946,7.546976
25,50,1e-05,0.8,0.2,0.2,4.0,13.996,15.585818
25,50,1e-05,0.8,0.3,0.2,4.0,15.335,28.843375
25,50,1e-05,0.75,0.1,0.2,4.0,12.948,7.56038
25,50,1e-05,0.75,0.2,0.2,4.0,13.998,15.616687
25,50,1e-05,0.75,0.3,0.2,4.0,15.338,28.899207
25,50,1e-05,0.7,0.1,0.2,4.0,12.95,7.575175000000001
25,50,1e-05,0.7,0.2,0.2,4.0,14.0,15.651542999999998
25,50,1e-05,0.7,0.3,0.2,4.0,15.34,28.963023
25,50,1e-06,0.85,0.1,0.2,4.0,12.984,25.442321
25,50,1e-06,0.85,0.2,0.2,4.0,14.044,80.868153
25,50,1e-06,0.85,0.3,0.2,4.0,15.399,171.860148
25,50,1e-06,0.8,0.1,0.2,4.0,12.985,25.498289
25,50,1e-06,0.8,0.2,0.2,4.0,14.044,80.979111
25,50,1e-06,0.8,0.3,0.2,4.0,15.4,172.030096
25,50,1e-06,0.75,0.1,0.2,4.0,12.985,25.560255
25,50,1e-06,0.75,0.2,0.2,4.0,14.045,81.102066
25,50,1e-06,0.75,0.3,0.2,4.0,15.4,172.22004
25,50,1e-06,0.7,0.1,0.2,4.0,12.985,25.627219
25,50,1e-06,0.7,0.2,0.2,4.0,14.045,81.238017
25,50,1e-06,0.7,0.3,0.2,4.0,15.401,172.439979
100,3,0.001,0.85,0.1,0.2,4.0,8.3007,18.30901
100,3,0.001,0.85,0.2,0.2,4.0,8.9837,26.547066
100,3,0.001,0.85,0.3,0.2,4.0,9.8306,39.525698
100,3,0.001,0.8,0.1,0.2,4.0,8.3088,18.395998
100,3,0.001,0.8,0.2,0.2,4.0,8.9951,26.713999
100,3,0.001,0.8,0.3,0.2,4.0,9.8452,39.835638
100,3,0.001,0.75,0.1,0.2,4.0,8.3173,18.48991
100,3,0.001,0.75,0.2,0.2,4.0,9.0071,26.893847
100,3,0.001,0.75,0.3,0.2,4.0,9.8607,40.170498
100,3,0.001,0.7,0.1,0.2,4.0,8.3263,18.589737
100,3,0.001,0.7,0.2,0.2,4.0,9.0198,27.086602000000003
100,3,0.001,0.7,0.3,0.2,4.0,9.8769,40.532271
100,3,0.0001,0.85,0.1,0.2,4.0,8.5739,22.873401
100,3,0.0001,0.85,0.2,0.2,4.0,9.3115,35.616176
100,3,0.0001,0.85,0.3,0.2,4.0,10.288,57.014529
100,3,0.0001,0.8,0.1,0.2,4.0,8.5773,22.931695
100,3,0.0001,0.8,0.2,0.2,4.0,9.3161,35.745357
100,3,0.0001,0.8,0.3,0.2,4.0,10.294,57.262553
100,3,0.0001,0.75,0.1,0.2,4.0,8.5809,22.993918
100,3,0.0001,0.75,0.2,0.2,4.0,9.3209,35.885458
100,3,0.0001,0.75,0.3,0.2,4.0,10.3,57.536482
100,3,0.0001,0.7,0.1,0.2,4.0,8.5846,23.062059
100,3,0.0001,0.7,0.2,0.2,4.0,9.326,36.040467
100,3,0.0001,0.7,0.3,0.2,4.0,10.307,57.8403
100,3,1e-05,0.85,0.1,0.2,4.0,8.6512,32.728905999999995
100,3,1e-05,0.85,0.2,0.2,4.0,9.4057,66.901586
100,3,1e-05,0.85,0.3,0.2,4.0,10.418,123.045745
100,3,1e-05,0.8,0.1,0.2,4.0,8.6523,32.816631
100,3,1e-05,0.8,0.2,0.2,4.0,9.4074,67.15021800000001
100,3,1e-05,0.8,0.3,0.2,4.0,10.42,123.535292
100,3,1e-05,0.75,0.1,0.2,4.0,8.6535,32.915329
100,3,1e-05,0.75,0.2,0.2,4.0,9.4091,67.435815
100,3,1e-05,0.75,0.3,0.2,4.0,10.422,124.094799
100,3,1e-05,0.7,0.1,0.2,4.0,8.6547,33.027996
100,3,1e-05,0.7,0.2,0.2,4.0,9.4109,67.76437299999999
100,3,1e-05,0.7,0.3,0.2,4.0,10.425,124.744257
100,3,1e-06,0.85,0.1,0.2,4.0,8.6772,105.067714
100,3,1e-06,0.85,0.2,0.2,4.0,9.4355,330.747791
100,3,1e-06,0.85,0.3,0.2,4.0,10.457,700.9853019999999
100,3,1e-06,0.8,0.1,0.2,4.0,8.6774,105.377614
100,3,1e-06,0.8,0.2,0.2,4.0,9.4357,331.557661
100,3,1e-06,0.8,0.3,0.2,4.0,10.458,702.485145
100,3,1e-06,0.75,0.1,0.2,4.0,8.6776,105.737506
100,3,1e-06,0.75,0.2,0.2,4.0,9.4361,332.477521
100,3,1e-06,0.75,0.3,0.2,4.0,10.458,704.214977
100,3,1e-06,0.7,0.1,0.2,4.0,8.6778,106.127391
100,3,1e-06,0.7,0.2,0.2,4.0,9.4364,333.537369
100,3,1e-06,0.7,0.3,0.2,4.0,10.459,706.214794
100,6,0.001,0.85,0.1,0.2,4.0,9.9089,18.30901
100,6,0.001,0.85,0.2,0.2,4.0,10.687,26.547066
100,6,0.001,0.85,0.3,0.2,4.0,11.625,39.525698
100,6,0.001,0.8,0.1,0.2,4.0,9.9182,18.395998
100,6,0.001,0.8,0.2,0.2,4.0,10.7,26.713999
100,6,0.001,0.8,0.3,0.2,4.0,11.641,39.835638
100,6,0.001,0.75,0.1,0.2,4.0,9.9279,18.48991
100,6,0.001,0.75,0.2,0.2,4.0,10.713,26.893847
100,6,0.001,0.75,0.3,0.2,4.0,11.659,40.170498
100,6,0.001,0.7,0.1,0.2,4.0,9.9382,18.589737
100,6,0.001,0.7,0.2,0.2,4.0,10.727,27.086602000000003
100,6,0.001,0.7,0.3,0.2,4.0,11.677,40.532271
100,6,0.0001,0.85,0.1,0.2,4.0,10.22,22.873401
100,6,0.0001,0.85,0.2,0.2,4.0,11.072,35.616176
100,6,0.0001,0.85,0.3,0.2,4.0,12.165,57.014529
100,6,0.0001,0.8,0.1,0.2,4.0,10.224,22.931695
100,6,0.0001,0.8,0.2,0.2,4.0,11.078,35.745357
100,6,0.0001,0.8,0.3,0.2,4.0,12.171,57.262553
100,6,0.0001,0.75,0.1,0.2,4.0,10.228,22.993918
100,6,0.0001,0.75,0.2,0.2,4.0,11.084,35.885458
100,6,0.0001,0.75,0.3,0.2,4.0,12.177,57.536482
100,6,0.0001,0.7,0.1,0.2,4.0,10.232,23.062059
100,6,0.0001,0.7,0.2,0.2,4.0,11.09,36.040467
100,6,0.0001,0.7,0.3,0.2,4.0,12.184,57.8403
100,6,1e-05,0.85,0.1,0.2,4.0,10.307,32.728905999999995
100,6,1e-05,0.85,0.2,0.2,4.0,11.091,66.901586
100,6,1e-05,0.85,0.3,0.2,4.0,12.33,123.045745
100,6,1e-05,0.8,0.1,0.2,4.0,10.309,32.816631
100,6,1e-05,0.8,0.2,0.2,4.0,11.092,67.15021800000001
100,6,1e-05,0.8,0.3,0.2,4.0,12.332,123.535292
100,6,1e-05,0.75,0.1,0.2,4.0,10.31,32.915329
100,6,1e-05,0.75,0.2,0.2,4.0,11.094,67.435816
100,6,1e-05,0.75,0.3,0.2,4.0,12.334,124.094799
100,6,1e-05,0.7,0.1,0.2,4.0,10.311,33.027996
100,6,1e-05,0.7,0.2,0.2,4.0,11.096,67.764374
100,6,1e-05,0.7,0.3,0.2,4.0,12.337,124.744257
100,6,1e-06,0.85,0.1,0.2,4.0,10.337,105.067714
100,6,1e-06,0.85,0.2,0.2,4.0,11.121,330.747791
100,6,1e-06,0.85,0.3,0.2,4.0,12.248,700.9853019999999
100,6,1e-06,0.8,0.1,0.2,4.0,10.337,105.377614
100,6,1e-06,0.8,0.2,0.2,4.0,11.121,331.557661
100,6,1e-06,0.8,0.3,0.2,4.0,12.382,702.485145
100,6,1e-06,0.75,0.1,0.2,4.0,10.337,105.737506
100,6,1e-06,0.75,0.2,0.2,4.0,11.122,332.477521
100,6,1e-06,0.75,0.3,0.2,4.0,12.382,704.214977
100,6,1e-06,0.7,0.1,0.2,4.0,10.337,106.127391
100,6,1e-06,0.7,0.2,0.2,4.0,11.122,333.53736999999995
100,6,1e-06,0.7,0.3,0.2,4.0,12.383,706.214794
100,20,0.001,0.85,0.1,0.2,4.0,14.053,18.309011
100,20,0.001,0.85,0.2,0.2,4.0,15.144,26.547066
100,20,0.001,0.85,0.3,0.2,4.0,16.477,39.525698
100,20,0.001,0.8,0.1,0.2,4.0,14.066,18.395998
100,20,0.001,0.8,0.2,0.2,4.0,15.162,26.713999
100,20,0.001,0.8,0.3,0.2,4.0,16.499,39.835637
100,20,0.001,0.75,0.1,0.2,4.0,14.08,18.48991
100,20,0.001,0.75,0.2,0.2,4.0,15.181,26.893847
100,20,0.001,0.75,0.3,0.2,4.0,16.523,40.170498
100,20,0.001,0.7,0.1,0.2,4.0,14.094,18.589737
100,20,0.001,0.7,0.2,0.2,4.0,15.201,27.086602000000003
100,20,0.001,0.7,0.3,0.2,4.0,16.548,40.532271
100,20,0.0001,0.85,0.1,0.2,4.0,14.464,22.873401
100,20,0.0001,0.85,0.2,0.2,4.0,15.6,35.617176
100,20,0.0001,0.85,0.3,0.2,4.0,17.084,57.014529
100,20,0.0001,0.8,0.1,0.2,4.0,14.469,22.931695
100,20,0.0001,0.8,0.2,0.2,4.0,15.607,35.745357
100,20,0.0001,0.8,0.3,0.2,4.0,17.094,57.262553
100,20,0.0001,0.75,0.1,0.2,4.0,14.475,22.993918
100,20,0.0001,0.75,0.2,0.2,4.0,15.615,35.885459
100,20,0.0001,0.75,0.3,0.2,4.0,17.105,57.536482
100,20,0.0001,0.7,0.1,0.2,4.0,14.481,23.062059
100,20,0.0001,0.7,0.2,0.2,4.0,15.624,36.040467
100,20,0.0001,0.7,0.3,0.2,4.0,17.117,57.840301
100,20,1e-05,0.85,0.1,0.2,4.0,14.578,32.728905999999995
100,20,1e-05,0.85,0.2,0.2,4.0,15.724,66.901586
100,20,1e-05,0.85,0.3,0.2,4.0,17.244,123.045746
100,20,1e-05,0.8,0.1,0.2,4.0,14.58,32.816631
100,20,1e-05,0.8,0.2,0.2,4.0,15.727,67.15021800000001
100,20,1e-05,0.8,0.3,0.2,4.0,17.248,123.535293
100,20,1e-05,0.75,0.1,0.2,4.0,14.582,32.915330000000004
100,20,1e-05,0.75,0.2,0.2,4.0,15.729,67.435816
100,20,1e-05,0.75,0.3,0.2,4.0,17.252,124.0948
100,20,1e-05,0.7,0.1,0.2,4.0,14.583,33.027996
100,20,1e-05,0.7,0.2,0.2,4.0,15.732,67.764374
100,20,1e-05,0.7,0.3,0.2,4.0,17.256,124.744258
100,20,1e-06,0.85,0.1,0.2,4.0,14.617,105.067714
100,20,1e-06,0.85,0.2,0.2,4.0,15.765,330.747791
100,20,1e-06,0.85,0.3,0.2,4.0,17.29,700.9853019999999
100,20,1e-06,0.8,0.1,0.2,4.0,14.617,105.377614
100,20,1e-06,0.8,0.2,0.2,4.0,15.765,331.557661
100,20,1e-06,0.8,0.3,0.2,4.0,17.291,702.485146
100,20,1e-06,0.75,0.1,0.2,4.0,14.618,105.737506
100,20,1e-06,0.75,0.2,0.2,4.0,15.766,332.477521
100,20,1e-06,0.75,0.3,0.2,4.0,17.292,704.214978
100,20,1e-06,0.7,0.1,0.2,4.0,14.618,106.127391
100,20,1e-06,0.7,0.2,0.2,4.0,15.766,333.53736999999995
100,20,1e-06,0.7,0.3,0.2,4.0,17.293,706.214795
100,50,0.001,0.85,0.1,0.2,4.0,18.883,18.309011
100,50,0.001,0.85,0.2,0.2,4.0,20.387,26.547066
100,50,0.001,0.85,0.3,0.2,4.0,22.184,39.525698
100,50,0.001,0.8,0.1,0.2,4.0,18.901,18.395998
100,50,0.001,0.8,0.2,0.2,4.0,20.412,26.713999
100,50,0.001,0.8,0.3,0.2,4.0,22.216,39.835637
100,50,0.001,0.75,0.1,0.2,4.0,18.919,18.48991
100,50,0.001,0.75,0.2,0.2,4.0,20.438,26.893847
100,50,0.001,0.75,0.3,0.2,4.0,22.249,40.170498
100,50,0.001,0.7,0.1,0.2,4.0,18.939,18.589737
100,50,0.001,0.7,0.2,0.2,4.0,20.466,27.086602000000003
100,50,0.001,0.7,0.3,0.2,4.0,22.284,40.532271
100,50,0.0001,0.85,0.1,0.2,4.0,19.443,22.873401
100,50,0.0001,0.85,0.2,0.2,4.0,21.009,35.617176
100,50,0.0001,0.85,0.3,0.2,4.0,23.016,57.014529
100,50,0.0001,0.8,0.1,0.2,4.0,19.45,22.931695
100,50,0.0001,0.8,0.2,0.2,4.0,21.019,35.745357
100,50,0.0001,0.8,0.3,0.2,4.0,23.03,57.262553
100,50,0.0001,0.75,0.1,0.2,4.0,19.458,22.993918
100,50,0.0001,0.75,0.2,0.2,4.0,21.031,35.885459
100,50,0.0001,0.75,0.3,0.2,4.0,23.045,57.536482
100,50,0.0001,0.7,0.1,0.2,4.0,19.466,23.062059
100,50,0.0001,0.7,0.2,0.2,4.0,21.042,36.040467
100,50,0.0001,0.7,0.3,0.2,4.0,23.061,57.840301
100,50,1e-05,0.85,0.1,0.2,4.0,19.597,32.728905999999995
100,50,1e-05,0.85,0.2,0.2,4.0,21.182,66.901586
100,50,1e-05,0.85,0.3,0.2,4.0,23.235,123.045746
100,50,1e-05,0.8,0.1,0.2,4.0,19.6,32.816631
100,50,1e-05,0.8,0.2,0.2,4.0,21.185,67.15021800000001
100,50,1e-05,0.8,0.3,0.2,4.0,23.24,123.535293
100,50,1e-05,0.75,0.1,0.2,4.0,19.602,32.915330000000004
100,50,1e-05,0.75,0.2,0.2,4.0,21.189,67.435816
100,50,1e-05,0.75,0.3,0.2,4.0,23.245,124.0948
100,50,1e-05,0.7,0.1,0.2,4.0,19.605,33.027996
100,50,1e-05,0.7,0.2,0.2,4.0,21.193,67.764374
100,50,1e-05,0.7,0.3,0.2,4.0,23.251,124.744258
100,50,1e-06,0.85,0.1,0.2,4.0,19.65,105.067714
100,50,1e-06,0.85,0.2,0.2,4.0,21.239,330.747791
100,50,1e-06,0.85,0.3,0.2,4.0,23.298,700.9853019999999
100,50,1e-06,0.8,0.1,0.2,4.0,19.651,105.377614
100,50,1e-06,0.8,0.2,0.2,4.0,21.24,331.557661
100,50,1e-06,0.8,0.3,0.2,4.0,23.299,702.485146
100,50,1e-06,0.75,0.1,0.2,4.0,19.651,105.737506
100,50,1e-06,0.75,0.2,0.2,4.0,21.24,332.477521
100,50,1e-06,0.75,0.3,0.2,4.0,23.301,704.214978
100,50,1e-06,0.7,0.1,0.2,4.0,19.652,106.127391
100,50,1e-06,0.7,0.2,0.2,4.0,21.241,333.53736999999995
100,50,1e-06,0.7,0.3,0.2,4.0,23.302,706.214795
250,3,0.001,0.85,0.1,0.2,4.0,10.263,55.44657
250,3,0.001,0.85,0.2,0.2,4.0,11.182,81.625957
250,3,0.001,0.85,0.3,0.2,4.0,12.434,123.026142
250,3,0.001,0.8,0.1,0.2,4.0,10.274,55.781194
250,3,0.001,0.8,0.2,0.2,4.0,11.197,82.277829
250,3,0.001,0.8,0.3,0.2,4.0,12.455,124.264264
250,3,0.001,0.75,0.1,0.2,4.0,10.286,56.139635
250,3,0.001,0.75,0.2,0.2,4.0,11.212,82.977583
250,3,0.001,0.75,0.3,0.2,4.0,12.475,125.592298
250,3,0.001,0.7,0.1,0.2,4.0,10.298,56.524884
250,3,0.001,0.7,0.2,0.2,4.0,11.228,83.734167
250,3,0.001,0.7,0.3,0.2,4.0,12.495,127.040237
250,3,0.0001,0.85,0.1,0.2,4.0,10.453,68.24374399999999
250,3,0.0001,0.85,0.2,0.2,4.0,11.262,107.570681
250,3,0.0001,0.85,0.3,0.2,4.0,12.402,173.60053499999998
250,3,0.0001,0.8,0.1,0.2,4.0,10.457,68.463213
250,3,0.0001,0.8,0.2,0.2,4.0,11.269,108.119634
250,3,0.0001,0.8,0.3,0.2,4.0,12.411,174.73209300000002
250,3,0.0001,0.75,0.1,0.2,4.0,10.462,68.70152999999999
250,3,0.0001,0.75,0.2,0.2,4.0,11.276,108.738563
250,3,0.0001,0.75,0.3,0.2,4.0,12.421,175.993844
250,3,0.0001,0.7,0.1,0.2,4.0,10.467,68.962672
250,3,0.0001,0.7,0.2,0.2,4.0,11.284,109.427351
250,3,0.0001,0.7,0.3,0.2,4.0,12.431,177.42581
250,3,1e-05,0.85,0.1,0.2,4.0,10.501,95.451029
250,3,1e-05,0.85,0.2,0.2,4.0,11.254,192.29868
250,3,1e-05,0.85,0.3,0.2,4.0,12.349,350.77374
250,3,1e-05,0.8,0.1,0.2,4.0,10.502,95.856438
250,3,1e-05,0.8,0.2,0.2,4.0,11.257,193.57792
250,3,1e-05,0.8,0.3,0.2,4.0,12.353,353.39302
250,3,1e-05,0.75,0.1,0.2,4.0,10.503,96.318771
250,3,1e-05,0.75,0.2,0.2,4.0,11.26,195.05709
250,3,1e-05,0.75,0.3,0.2,4.0,12.357,356.42226
250,3,1e-05,0.7,0.1,0.2,4.0,10.505,96.853032
250,3,1e-05,0.7,0.2,0.2,4.0,11.263,196.78619
250,3,1e-05,0.7,0.3,0.2,4.0,12.362,359.95146
250,3,1e-06,0.85,0.1,0.2,4.0,10.522,280.450627
250,3,1e-06,0.85,0.2,0.2,4.0,11.249,866.40768
250,3,1e-06,0.85,0.3,0.2,4.0,12.331,1826.2476
250,3,1e-06,0.8,0.1,0.2,4.0,10.522,281.6604
250,3,1e-06,0.8,0.2,0.2,4.0,11.25,870.40739
250,3,1e-06,0.8,0.3,0.2,4.0,12.333,1834.24727
250,3,1e-06,0.75,0.1,0.2,4.0,10.522,283.070156
250,3,1e-06,0.75,0.2,0.2,4.0,11.251,875.21708
250,3,1e-06,0.75,0.3,0.2,4.0,12.334,1843.74692
250,3,1e-06,0.7,0.1,0.2,4.0,10.523,284.77989
250,3,1e-06,0.7,0.2,0.2,4.0,11.252,880.91675
250,3,1e-06,0.7,0.3,0.2,4.0,12.336,1854.84654
250,6,0.001,0.85,0.1,0.2,4.0,12.495,55.44657
250,6,0.001,0.85,0.2,0.2,4.0,13.624,81.625957
250,6,0.001,0.85,0.3,0.2,4.0,15.172,123.026142
250,6,0.001,0.8,0.1,0.2,4.0,12.509,55.781194
250,6,0.001,0.8,0.2,0.2,4.0,13.642,82.277829
250,6,0.001,0.8,0.3,0.2,4.0,15.195,124.264264
250,6,0.001,0.75,0.1,0.2,4.0,12.523,56.139635
250,6,0.001,0.75,0.2,0.2,4.0,13.66,82.977583
250,6,0.001,0.75,0.3,0.2,4.0,15.219,125.592298
250,6,0.001,0.7,0.1,0.2,4.0,12.537,56.524884
250,6,0.001,0.7,0.2,0.2,4.0,13.678,83.734167
250,6,0.001,0.7,0.3,0.2,4.0,15.243,127.040237
250,6,0.0001,0.85,0.1,0.2,4.0,12.707,68.24374399999999
250,6,0.0001,0.85,0.2,0.2,4.0,13.669,107.570681
250,6,0.0001,0.85,0.3,0.2,4.0,15.016,173.60053499999998
250,6,0.0001,0.8,0.1,0.2,4.0,12.713,68.463213
250,6,0.0001,0.8,0.2,0.2,4.0,13.678,108.119634
250,6,0.0001,0.8,0.3,0.2,4.0,15.027,174.73209300000002
250,6,0.0001,0.75,0.1,0.2,4.0,12.719,68.70152999999999
250,6,0.0001,0.75,0.2,0.2,4.0,13.687,108.738563
250,6,0.0001,0.75,0.3,0.2,4.0,15.039,175.993844
250,6,0.0001,0.7,0.1,0.2,4.0,12.725,68.962672
250,6,0.0001,0.7,0.2,0.2,4.0,13.697,109.427351
250,6,0.0001,0.7,0.3,0.2,4.0,15.052,177.42581
250,6,1e-05,0.85,0.1,0.2,4.0,12.757,95.451029
250,6,1e-05,0.85,0.2,0.2,4.0,13.644,192.29868
250,6,1e-05,0.85,0.3,0.2,4.0,14.921,350.77374
250,6,1e-05,0.8,0.1,0.2,4.0,12.759,95.856438
250,6,1e-05,0.8,0.2,0.2,4.0,13.647,193.57792
250,6,1e-05,0.8,0.3,0.2,4.0,14.926,353.39302
250,6,1e-05,0.75,0.1,0.2,4.0,12.761,96.318771
250,6,1e-05,0.75,0.2,0.2,4.0,13.651,195.05709
250,6,1e-05,0.75,0.3,0.2,4.0,14.931,356.42226
250,6,1e-05,0.7,0.1,0.2,4.0,12.763,96.853032
250,6,1e-05,0.7,0.2,0.2,4.0,13.655,196.78619
250,6,1e-05,0.7,0.3,0.2,4.0,14.937,359.95146
250,6,1e-06,0.85,0.1,0.2,4.0,12.782,280.450627
250,6,1e-06,0.85,0.2,0.2,4.0,13.628,866.40768
250,6,1e-06,0.85,0.3,0.2,4.0,14.893,1826.2476
250,6,1e-06,0.8,0.1,0.2,4.0,12.782,281.6604
250,6,1e-06,0.8,0.2,0.2,4.0,13.629,870.40739
250,6,1e-06,0.8,0.3,0.2,4.0,14.895,1834.24727
250,6,1e-06,0.75,0.1,0.2,4.0,12.782,283.070156
250,6,1e-06,0.75,0.2,0.2,4.0,13.63,875.21708
250,6,1e-06,0.75,0.3,0.2,4.0,14.897,1843.74692
250,6,1e-06,0.7,0.1,0.2,4.0,12.782,284.77989
250,6,1e-06,0.7,0.2,0.2,4.0,13.631,880.91675
250,6,1e-06,0.7,0.3,0.2,4.0,14.9,1854.84654
250,20,0.001,0.85,0.1,0.2,4.0,18.2,55.44657
250,20,0.001,0.85,0.2,0.2,4.0,20.009,81.625957
250,20,0.001,0.85,0.3,0.2,4.0,22.394,123.026142
250,20,0.001,0.8,0.1,0.2,4.0,18.221,55.781194
250,20,0.001,0.8,0.2,0.2,4.0,20.037,82.277829
250,20,0.001,0.8,0.3,0.2,4.0,22.431,124.264264
250,20,0.001,0.75,0.1,0.2,4.0,18.243,56.139635
250,20,0.001,0.75,0.2,0.2,4.0,20.065,82.977583
250,20,0.001,0.75,0.3,0.2,4.0,22.467,125.592298
250,20,0.001,0.7,0.1,0.2,4.0,18.266,56.524884
250,20,0.001,0.7,0.2,0.2,4.0,20.093,83.734167
250,20,0.001,0.7,0.3,0.2,4.0,22.503,127.040237
250,20,0.0001,0.85,0.1,0.2,4.0,18.5,68.24374399999999
250,20,0.0001,0.85,0.2,0.2,4.0,20.007,107.570681
250,20,0.0001,0.85,0.3,0.2,4.0,21.877,173.60053499999998
250,20,0.0001,0.8,0.1,0.2,4.0,18.508,68.463213
250,20,0.0001,0.8,0.2,0.2,4.0,20.021,108.119634
250,20,0.0001,0.8,0.3,0.2,4.0,21.895,174.73209300000002
250,20,0.0001,0.75,0.1,0.2,4.0,18.517,68.70152999999999
250,20,0.0001,0.75,0.2,0.2,4.0,20.035,108.738563
250,20,0.0001,0.75,0.3,0.2,4.0,21.913,175.993844
250,20,0.0001,0.7,0.1,0.2,4.0,18.527,68.962672
250,20,0.0001,0.7,0.2,0.2,4.0,20.05,109.427351
250,20,0.0001,0.7,0.3,0.2,4.0,21.932,177.42581
250,20,1e-05,0.85,0.1,0.2,4.0,18.568,95.451029
250,20,1e-05,0.85,0.2,0.2,4.0,19.821,192.29868
250,20,1e-05,0.85,0.3,0.2,4.0,21.713,350.77374
250,20,1e-05,0.8,0.1,0.2,4.0,18.57,95.856438
250,20,1e-05,0.8,0.2,0.2,4.0,19.827,193.58792
250,20,1e-05,0.8,0.3,0.2,4.0,21.721,353.39302
250,20,1e-05,0.75,0.1,0.2,4.0,18.573,96.318771
250,20,1e-05,0.75,0.2,0.2,4.0,19.832,195.06709
250,20,1e-05,0.75,0.3,0.2,4.0,21.729,356.42226
250,20,1e-05,0.7,0.1,0.2,4.0,18.575,96.853032
250,20,1e-05,0.7,0.2,0.2,4.0,19.839,196.79619
250,20,1e-05,0.7,0.3,0.2,4.0,21.738,359.95146
250,20,1e-06,0.85,0.1,0.2,4.0,18.603,280.450627
250,20,1e-06,0.85,0.2,0.2,4.0,19.806,866.40768
250,20,1e-06,0.85,0.3,0.2,4.0,21.673,1826.2476
250,20,1e-06,0.8,0.1,0.2,4.0,18.603,281.6604
250,20,1e-06,0.8,0.2,0.2,4.0,19.807,870.40739
250,20,1e-06,0.8,0.3,0.2,4.0,21.675,1834.24727
250,20,1e-06,0.75,0.1,0.2,4.0,18.604,283.070156
250,20,1e-06,0.75,0.2,0.2,4.0,19.809,875.21708
250,20,1e-06,0.75,0.3,0.2,4.0,21.678,1843.74692
250,20,1e-06,0.7,0.1,0.2,4.0,18.604,284.77989
250,20,1e-06,0.7,0.2,0.2,4.0,19.811,880.91675
250,20,1e-06,0.7,0.3,0.2,4.0,21.682,1854.84654
250,50,0.001,0.85,0.1,0.2,4.0,24.634,55.44657
250,50,0.001,0.85,0.2,0.2,4.0,27.204,81.625957
250,50,0.001,0.85,0.3,0.2,4.0,30.745,123.026142
250,50,0.001,0.8,0.1,0.2,4.0,24.664,55.781194
250,50,0.001,0.8,0.2,0.2,4.0,27.244,82.277829
250,50,0.001,0.8,0.3,0.2,4.0,30.795,124.264264
250,50,0.001,0.75,0.1,0.2,4.0,24.695,56.139635
250,50,0.001,0.75,0.2,0.2,4.0,27.284,82.977583
250,50,0.001,0.75,0.3,0.2,4.0,30.843,125.592298
250,50,0.001,0.7,0.1,0.2,4.0,24.728,56.524884
250,50,0.001,0.7,0.2,0.2,4.0,27.323,83.734167
250,50,0.001,0.7,0.3,0.2,4.0,30.89,127.040237
250,50,0.0001,0.85,0.1,0.2,4.0,24.983,68.24374399999999
250,50,0.0001,0.85,0.2,0.2,4.0,27.071,107.570681
250,50,0.0001,0.85,0.3,0.2,4.0,29.74,173.60053499999998
250,50,0.0001,0.8,0.1,0.2,4.0,24.995,68.463212
250,50,0.0001,0.8,0.2,0.2,4.0,27.09,108.119634
250,50,0.0001,0.8,0.3,0.2,4.0,29.765,174.73209300000002
250,50,0.0001,0.75,0.1,0.2,4.0,25.008,68.70152999999999
250,50,0.0001,0.75,0.2,0.2,4.0,27.11,108.738564
250,50,0.0001,0.75,0.3,0.2,4.0,29.79,175.993844
250,50,0.0001,0.7,0.1,0.2,4.0,25.021,68.962672
250,50,0.0001,0.7,0.2,0.2,4.0,27.131,109.427351
250,50,0.0001,0.7,0.3,0.2,4.0,29.817,177.42581
250,50,1e-05,0.85,0.1,0.2,4.0,25.073,95.452035
250,50,1e-05,0.85,0.2,0.2,4.0,26.987,192.29868
250,50,1e-05,0.85,0.3,0.2,4.0,29.657,350.77374
250,50,1e-05,0.8,0.1,0.2,4.0,25.076,95.857438
250,50,1e-05,0.8,0.2,0.2,4.0,26.994,193.58792
250,50,1e-05,0.8,0.3,0.2,4.0,29.667,353.39302
250,50,1e-05,0.75,0.1,0.2,4.0,25.08,96.320771
250,50,1e-05,0.75,0.2,0.2,4.0,27.002,195.06709
250,50,1e-05,0.75,0.3,0.2,4.0,29.678,356.42226
250,50,1e-05,0.7,0.1,0.2,4.0,25.084,96.856032
250,50,1e-05,0.7,0.2,0.2,4.0,27.011,196.79619
250,50,1e-05,0.7,0.3,0.2,4.0,29.69,359.95146
250,50,1e-06,0.85,0.1,0.2,4.0,25.121,280.450627
250,50,1e-06,0.85,0.2,0.2,4.0,26.968,866.40768
250,50,1e-06,0.85,0.3,0.2,4.0,29.629,1826.2476
250,50,1e-06,0.8,0.1,0.2,4.0,25.121,281.6604
250,50,1e-06,0.8,0.2,0.2,4.0,26.97,870.40739
250,50,1e-06,0.8,0.3,0.2,4.0,29.633,1834.24727
250,50,1e-06,0.75,0.1,0.2,4.0,25.121,283.070156
250,50,1e-06,0.75,0.2,0.2,4.0,26.972,875.21708
250,50,1e-06,0.75,0.3,0.2,4.0,29.637,1843.74692
250,50,1e-06,0.7,0.1,0.2,4.0,25.122,284.77989
250,50,1e-06,0.7,0.2,0.2,4.0,26.975,880.91675
250,50,1e-06,0.7,0.3,0.2,4.0,29.642,1854.84654
500,3,0.001,0.85,0.1,0.2,4.0,12.26,142.093539
500,3,0.001,0.85,0.2,0.2,4.0,13.432,210.148251
500,3,0.001,0.85,0.3,0.2,4.0,15.128,316.99584
500,3,0.001,0.8,0.1,0.2,4.0,12.273,143.07872999999998
500,3,0.001,0.8,0.2,0.2,4.0,13.448,212.074008
500,3,0.001,0.8,0.3,0.2,4.0,15.151,320.55223
500,3,0.001,0.75,0.1,0.2,4.0,12.287,144.123571
500,3,0.001,0.75,0.2,0.2,4.0,13.463,214.15956
500,3,0.001,0.75,0.3,0.2,4.0,15.173,324.39831000000004
500,3,0.001,0.7,0.1,0.2,4.0,12.302,145.24804
500,3,0.001,0.7,0.2,0.2,4.0,13.478,216.42489
500,3,0.001,0.7,0.3,0.2,4.0,15.193,328.60433
500,3,0.0001,0.85,0.1,0.2,4.0,12.425,172.435759
500,3,0.0001,0.85,0.2,0.2,4.0,13.475,275.054616
500,3,0.0001,0.85,0.3,0.2,4.0,14.967,445.443973
500,3,0.0001,0.8,0.1,0.2,4.0,12.43,173.132981
500,3,0.0001,0.8,0.2,0.2,4.0,13.484,276.925877
500,3,0.0001,0.8,0.3,0.2,4.0,14.979,449.325591
500,3,0.0001,0.75,0.1,0.2,4.0,12.437,173.88992000000002
500,3,0.0001,0.75,0.2,0.2,4.0,13.494,278.997201
500,3,0.0001,0.75,0.3,0.2,4.0,14.99,453.718543
500,3,0.0001,0.7,0.1,0.2,4.0,12.443,174.72653000000005
500,3,0.0001,0.7,0.2,0.2,4.0,13.504,281.378667
500,3,0.0001,0.7,0.3,0.2,4.0,15.002,458.73303
500,3,1e-05,0.85,0.1,0.2,4.0,12.447,235.95608
500,3,1e-05,0.85,0.2,0.2,4.0,13.417,467.88168
500,3,1e-05,0.85,0.3,0.2,4.0,14.964,843.14757
500,3,1e-05,0.8,0.1,0.2,4.0,12.449,237.36491
500,3,1e-05,0.8,0.2,0.2,4.0,13.422,472.30065
500,3,1e-05,0.8,0.3,0.2,4.0,14.97,852.3584
500,3,1e-05,0.75,0.1,0.2,4.0,12.451,238.85364
500,3,1e-05,0.75,0.2,0.2,4.0,13.427,477.34957
500,3,1e-05,0.75,0.3,0.2,4.0,14.977,862.93957
500,3,1e-05,0.7,0.1,0.2,4.0,12.453,240.56224
500,3,1e-05,0.7,0.2,0.2,4.0,13.433,483.16846
500,3,1e-05,0.7,0.3,0.2,4.0,14.983,875.22118
500,3,1e-06,0.85,0.1,0.2,4.0,12.461,624.00442
500,3,1e-06,0.85,0.2,0.2,4.0,13.352,1873.1415
500,3,1e-06,0.85,0.3,0.2,4.0,14.918,3906.07116
500,3,1e-06,0.8,0.1,0.2,4.0,12.462,628.50396
500,3,1e-06,0.8,0.2,0.2,4.0,13.354,1887.64093
500,3,1e-06,0.8,0.3,0.2,4.0,14.921,3935.17053
500,3,1e-06,0.75,0.1,0.2,4.0,12.462,633.4534699999999
500,3,1e-06,0.75,0.2,0.2,4.0,13.356,1903.64032
500,3,1e-06,0.75,0.3,0.2,4.0,14.924,3967.96985
500,3,1e-06,0.7,0.1,0.2,4.0,12.462,638.90295
500,3,1e-06,0.7,0.2,0.2,4.0,13.359,1922.13965
500,3,1e-06,0.7,0.3,0.2,4.0,14.927,4006.36913
500,6,0.001,0.85,0.1,0.2,4.0,15.153,142.093539
500,6,0.001,0.85,0.2,0.2,4.0,16.578,210.148251
500,6,0.001,0.85,0.3,0.2,4.0,18.73,316.99584
500,6,0.001,0.8,0.1,0.2,4.0,15.171,143.07872999999998
500,6,0.001,0.8,0.2,0.2,4.0,16.599,212.074008
500,6,0.001,0.8,0.3,0.2,4.0,18.759,320.55223
500,6,0.001,0.75,0.1,0.2,4.0,15.189,144.123571
500,6,0.001,0.75,0.2,0.2,4.0,16.619,214.15956
500,6,0.001,0.75,0.3,0.2,4.0,18.785,324.39831000000004
500,6,0.001,0.7,0.1,0.2,4.0,15.209,145.24804
500,6,0.001,0.7,0.2,0.2,4.0,16.639,216.42489
500,6,0.001,0.7,0.3,0.2,4.0,18.81,328.60433
500,6,0.0001,0.85,0.1,0.2,4.0,15.412,172.435759
500,6,0.0001,0.85,0.2,0.2,4.0,16.813,275.054616
500,6,0.0001,0.85,0.3,0.2,4.0,18.726,445.443973
500,6,0.0001,0.8,0.1,0.2,4.0,15.42,173.132981
500,6,0.0001,0.8,0.2,0.2,4.0,16.825,276.925877
500,6,0.0001,0.8,0.3,0.2,4.0,18.741,449.325591
500,6,0.0001,0.75,0.1,0.2,4.0,15.428,173.88992000000002
500,6,0.0001,0.75,0.2,0.2,4.0,16.848,278.997201
500,6,0.0001,0.75,0.3,0.2,4.0,18.756,453.718543
500,6,0.0001,0.7,0.1,0.2,4.0,15.436,174.72653000000005
500,6,0.0001,0.7,0.2,0.2,4.0,16.861,281.378667
500,6,0.0001,0.7,0.3,0.2,4.0,18.772,458.73303
500,6,1e-05,0.85,0.1,0.2,4.0,15.458,235.95608
500,6,1e-05,0.85,0.2,0.2,4.0,16.777,467.88168
500,6,1e-05,0.85,0.3,0.2,4.0,18.806,843.14757
500,6,1e-05,0.8,0.1,0.2,4.0,15.461,237.36491
500,6,1e-05,0.8,0.2,0.2,4.0,16.783,472.30065
500,6,1e-05,0.8,0.3,0.2,4.0,18.814,852.3584
500,6,1e-05,0.75,0.1,0.2,4.0,15.463,238.85364
500,6,1e-05,0.75,0.2,0.2,4.0,16.79,477.34957
500,6,1e-05,0.75,0.3,0.2,4.0,18.822,862.93957
500,6,1e-05,0.7,0.1,0.2,4.0,15.466,240.56224
500,6,1e-05,0.7,0.2,0.2,4.0,16.798,483.16846
500,6,1e-05,0.7,0.3,0.2,4.0,18.831,875.22118
500,6,1e-06,0.85,0.1,0.2,4.0,15.479,624.00442
500,6,1e-06,0.85,0.2,0.2,4.0,16.697,1873.1415
500,6,1e-06,0.85,0.3,0.2,4.0,18.751,3906.07116
500,6,1e-06,0.8,0.1,0.2,4.0,15.48,628.50396
500,6,1e-06,0.8,0.2,0.2,4.0,16.701,1887.64093
500,6,1e-06,0.8,0.3,0.2,4.0,18.755,3935.17053
500,6,1e-06,0.75,0.1,0.2,4.0,15.48,633.4534699999999
500,6,1e-06,0.75,0.2,0.2,4.0,16.704,1903.64032
500,6,1e-06,0.75,0.3,0.2,4.0,18.758,3967.96985
500,6,1e-06,0.7,0.1,0.2,4.0,15.481,638.90295
500,6,1e-06,0.7,0.2,0.2,4.0,16.707,1922.13965
500,6,1e-06,0.7,0.3,0.2,4.0,18.763,4006.36913
500,20,0.001,0.85,0.1,0.2,4.0,22.991,142.09354100000002
500,20,0.001,0.85,0.2,0.2,4.0,25.135,210.148251
500,20,0.001,0.85,0.3,0.2,4.0,27.987,316.99584
500,20,0.001,0.8,0.1,0.2,4.0,23.026,143.07873199999997
500,20,0.001,0.8,0.2,0.2,4.0,25.181,212.074008
500,20,0.001,0.8,0.3,0.2,4.0,28.026,320.55223
500,20,0.001,0.75,0.1,0.2,4.0,23.063,144.123574
500,20,0.001,0.75,0.2,0.2,4.0,25.23,214.15956
500,20,0.001,0.75,0.3,0.2,4.0,28.059,324.39831000000004
500,20,0.001,0.7,0.1,0.2,4.0,23.102,145.248043
500,20,0.001,0.7,0.2,0.2,4.0,25.282,216.42489
500,20,0.001,0.7,0.3,0.2,4.0,28.088,328.60433
500,20,0.0001,0.85,0.1,0.2,4.0,23.765,172.435759
500,20,0.0001,0.85,0.2,0.2,4.0,26.86,275.054616
500,20,0.0001,0.85,0.3,0.2,4.0,29.903,445.443973
500,20,0.0001,0.8,0.1,0.2,4.0,23.779,173.132981
500,20,0.0001,0.8,0.2,0.2,4.0,26.884,276.925877
500,20,0.0001,0.8,0.3,0.2,4.0,29.928,449.325591
500,20,0.0001,0.75,0.1,0.2,4.0,23.793,173.88992000000002
500,20,0.0001,0.75,0.2,0.2,4.0,26.909,279.027203
500,20,0.0001,0.75,0.3,0.2,4.0,29.957,453.718543
500,20,0.0001,0.7,0.1,0.2,4.0,23.809,174.72653000000005
500,20,0.0001,0.7,0.2,0.2,4.0,26.936,281.408662
500,20,0.0001,0.7,0.3,0.2,4.0,29.99,458.73303
500,20,1e-05,0.85,0.1,0.2,4.0,23.989,235.95608
500,20,1e-05,0.85,0.2,0.2,4.0,27.028,467.97168
500,20,1e-05,0.85,0.3,0.2,4.0,31.221,843.24757
500,20,1e-05,0.8,0.1,0.2,4.0,23.994,237.36491
500,20,1e-05,0.8,0.2,0.2,4.0,27.04,472.3906500000001
500,20,1e-05,0.8,0.3,0.2,4.0,31.234,852.4584100000001
500,20,1e-05,0.75,0.1,0.2,4.0,23.998,238.85364
500,20,1e-05,0.75,0.2,0.2,4.0,27.051,477.43957
500,20,1e-05,0.75,0.3,0.2,4.0,31.248,863.03958
500,20,1e-05,0.7,0.1,0.2,4.0,24.004,240.56224
500,20,1e-05,0.7,0.2,0.2,4.0,27.065,483.26846
500,20,1e-05,0.7,0.3,0.2,4.0,31.265,875.33119
500,20,1e-06,0.85,0.1,0.2,4.0,24.071,624.00442
500,20,1e-06,0.85,0.2,0.2,4.0,27.131,1873.1415
500,20,1e-06,0.85,0.3,0.2,4.0,31.339,3906.07116
500,20,1e-06,0.8,0.1,0.2,4.0,24.07,628.50396
500,20,1e-06,0.8,0.2,0.2,4.0,27.137,1887.64093
500,20,1e-06,0.8,0.3,0.2,4.0,31.366,3935.17053
500,20,1e-06,0.75,0.1,0.2,4.0,24.069,633.4534699999999
500,20,1e-06,0.75,0.2,0.2,4.0,27.142,1903.64032
500,20,1e-06,0.75,0.3,0.2,4.0,31.48,3967.96985
500,20,1e-06,0.7,0.1,0.2,4.0,24.069,638.90295
500,20,1e-06,0.7,0.2,0.2,4.0,27.148,1922.13965
500,20,1e-06,0.7,0.3,0.2,4.0,31.442,4006.36914
500,50,0.001,0.85,0.1,0.2,4.0,33.424,142.093542
500,50,0.001,0.85,0.2,0.2,4.0,35.429,210.148256
500,50,0.001,0.85,0.3,0.2,4.0,38.109,316.99584
500,50,0.001,0.8,0.1,0.2,4.0,33.485,143.078733
500,50,0.001,0.8,0.2,0.2,4.0,35.549,212.084017
500,50,0.001,0.8,0.3,0.2,4.0,38.177,320.55223
500,50,0.001,0.75,0.1,0.2,4.0,33.555,144.13357499999998
500,50,0.001,0.75,0.2,0.2,4.0,35.594,214.16957
500,50,0.001,0.75,0.3,0.2,4.0,38.24,324.39831000000004
500,50,0.001,0.7,0.1,0.2,4.0,33.635,145.248044
500,50,0.001,0.7,0.2,0.2,4.0,35.806,216.42489
500,50,0.001,0.7,0.3,0.2,4.0,38.303,328.60433
500,50,0.0001,0.85,0.1,0.2,4.0,35.04,172.435759
500,50,0.0001,0.85,0.2,0.2,4.0,40.298,275.064617
500,50,0.0001,0.85,0.3,0.2,4.0,45.634,445.443973
500,50,0.0001,0.8,0.1,0.2,4.0,35.061,173.132981
500,50,0.0001,0.8,0.2,0.2,4.0,40.334,276.935878
500,50,0.0001,0.8,0.3,0.2,4.0,45.672,449.325591
500,50,0.0001,0.75,0.1,0.2,4.0,35.085,173.88992000000002
500,50,0.0001,0.75,0.2,0.2,4.0,40.38,279.027203
500,50,0.0001,0.75,0.3,0.2,4.0,45.716,453.718543
500,50,0.0001,0.7,0.1,0.2,4.0,35.113,174.73653000000002
500,50,0.0001,0.7,0.2,0.2,4.0,40.428,281.408662
500,50,0.0001,0.7,0.3,0.2,4.0,45.771,458.73303
500,50,1e-05,0.85,0.1,0.2,4.0,35.563,235.99608
500,50,1e-05,0.85,0.2,0.2,4.0,41.37,467.98168
500,50,1e-05,0.85,0.3,0.2,4.0,48.612,843.14757
500,50,1e-05,0.8,0.1,0.2,4.0,35.572,237.40491
500,50,1e-05,0.8,0.2,0.2,4.0,41.388,472.40065
500,50,1e-05,0.8,0.3,0.2,4.0,48.632,852.3584
500,50,1e-05,0.75,0.1,0.2,4.0,35.581,238.89364
500,50,1e-05,0.75,0.2,0.2,4.0,41.409,477.4495700000001
500,50,1e-05,0.75,0.3,0.2,4.0,48.653,862.93957
500,50,1e-05,0.7,0.1,0.2,4.0,35.592,240.60224
500,50,1e-05,0.7,0.2,0.2,4.0,41.431,483.28846
500,50,1e-05,0.7,0.3,0.2,4.0,48.677,875.22118
500,50,1e-06,0.85,0.1,0.2,4.0,35.704,624.00442
500,50,1e-06,0.85,0.2,0.2,4.0,41.243,1873.1415
500,50,1e-06,0.85,0.3,0.2,4.0,48.941,3906.07116
500,50,1e-06,0.8,0.1,0.2,4.0,35.707,628.50396
500,50,1e-06,0.8,0.2,0.2,4.0,41.253,1887.64093
500,50,1e-06,0.8,0.3,0.2,4.0,48.959,3935.17053
500,50,1e-06,0.75,0.1,0.2,4.0,35.71,633.4534699999999
500,50,1e-06,0.75,0.2,0.2,4.0,41.262,1903.64032
500,50,1e-06,0.75,0.3,0.2,4.0,49.034,3967.96985
500,50,1e-06,0.7,0.1,0.2,4.0,35.714,638.90295
500,50,1e-06,0.7,0.2,0.2,4.0,41.273,1922.23965
500,50,1e-06,0.7,0.3,0.2,4.0,49.058,4006.36913
25,3,0.001,0.85,0.1,0.2,5.0,6.6428,4.0443446000000005
25,3,0.001,0.85,0.2,0.2,5.0,7.1751,5.8074904
25,3,0.001,0.85,0.3,0.2,5.0,7.7978,8.5446186
25,3,0.001,0.8,0.1,0.2,5.0,6.6477,4.0588316
25,3,0.001,0.8,0.2,0.2,5.0,7.1821,5.8359987
25,3,0.001,0.8,0.3,0.2,5.0,7.8057,8.5929713
25,3,0.001,0.75,0.1,0.2,5.0,6.6529,4.074093700000001
25,3,0.001,0.75,0.2,0.2,5.0,7.1895,5.8661698
25,3,0.001,0.75,0.3,0.2,5.0,7.8142,8.644580000000001
25,3,0.001,0.7,0.1,0.2,5.0,6.6584,4.090127600000001
25,3,0.001,0.7,0.2,0.2,5.0,7.1972,5.898198600000001
25,3,0.001,0.7,0.3,0.2,5.0,7.8232,8.7000387
25,3,0.0001,0.85,0.1,0.2,5.0,6.9624,5.1193003
25,3,0.0001,0.85,0.2,0.2,5.0,7.6007,7.9445768
25,3,0.0001,0.85,0.3,0.2,5.0,8.4414,12.718583
25,3,0.0001,0.8,0.1,0.2,5.0,6.9654,5.1306759
25,3,0.0001,0.8,0.2,0.2,5.0,7.6044,7.9655032
25,3,0.0001,0.8,0.3,0.2,5.0,8.4461,12.756239
25,3,0.0001,0.75,0.1,0.2,5.0,6.9684,5.1426282
25,3,0.0001,0.75,0.2,0.2,5.0,7.6083,7.987801
25,3,0.0001,0.75,0.3,0.2,5.0,8.4511,12.795859
25,3,0.0001,0.7,0.1,0.2,5.0,6.9716,5.1553533
25,3,0.0001,0.7,0.2,0.2,5.0,7.6123,8.0118652
25,3,0.0001,0.7,0.3,0.2,5.0,8.4562,12.839437
25,3,1e-05,0.85,0.1,0.2,5.0,7.0499,7.4788084
25,3,1e-05,0.85,0.2,0.2,5.0,7.7218,15.457142
25,3,1e-05,0.85,0.3,0.2,5.0,8.6219,28.642579
25,3,1e-05,0.8,0.1,0.2,5.0,7.0509,7.490623
25,3,1e-05,0.8,0.2,0.2,5.0,7.7231,15.485027
25,3,1e-05,0.8,0.3,0.2,5.0,8.6236,28.692427
25,3,1e-05,0.75,0.1,0.2,5.0,7.052,7.50363
25,3,1e-05,0.75,0.2,0.2,5.0,7.7245,15.514902
25,3,1e-05,0.75,0.3,0.2,5.0,8.6254,28.748262
25,3,1e-05,0.7,0.1,0.2,5.0,7.0531,7.518226
25,3,1e-05,0.7,0.2,0.2,5.0,7.7259,15.549764
25,3,1e-05,0.7,0.3,0.2,5.0,8.6273,28.81108
25,3,1e-06,0.85,0.1,0.2,5.0,7.0776,25.540552
25,3,1e-06,0.85,0.2,0.2,5.0,7.7586,80.775357
25,3,1e-06,0.85,0.3,0.2,5.0,8.6741,171.700236
25,3,1e-06,0.8,0.1,0.2,5.0,7.0779,25.596521000000003
25,3,1e-06,0.8,0.2,0.2,5.0,7.7588,80.88731600000001
25,3,1e-06,0.8,0.3,0.2,5.0,8.6744,171.880184
25,3,1e-06,0.75,0.1,0.2,5.0,7.0781,25.658488
25,3,1e-06,0.75,0.2,0.2,5.0,7.7591,81.010271
25,3,1e-06,0.75,0.3,0.2,5.0,8.6748,172.070128
25,3,1e-06,0.7,0.1,0.2,5.0,7.0783,25.726452
25,3,1e-06,0.7,0.2,0.2,5.0,7.7594,81.147223
25,3,1e-06,0.7,0.3,0.2,5.0,8.6751,172.290068
25,6,0.001,0.85,0.1,0.2,5.0,7.3211,4.0443446000000005
25,6,0.001,0.85,0.2,0.2,5.0,7.9108,5.8074904
25,6,0.001,0.85,0.3,0.2,5.0,8.5939,8.5446186
25,6,0.001,0.8,0.1,0.2,5.0,7.3263,4.0588316
25,6,0.001,0.8,0.2,0.2,5.0,7.9182,5.8359987
25,6,0.001,0.8,0.3,0.2,5.0,8.6025,8.5929713
25,6,0.001,0.75,0.1,0.2,5.0,7.3317,4.074093700000001
25,6,0.001,0.75,0.2,0.2,5.0,7.926,5.8661698
25,6,0.001,0.75,0.3,0.2,5.0,8.6117,8.644580000000001
25,6,0.001,0.7,0.1,0.2,5.0,7.3374,4.090127600000001
25,6,0.001,0.7,0.2,0.2,5.0,7.9342,5.898198600000001
25,6,0.001,0.7,0.3,0.2,5.0,8.6215,8.7000387
25,6,0.0001,0.85,0.1,0.2,5.0,7.6425,5.1193003
25,6,0.0001,0.85,0.2,0.2,5.0,8.3329,7.9445768
25,6,0.0001,0.85,0.3,0.2,5.0,9.2253,12.718583
25,6,0.0001,0.8,0.1,0.2,5.0,7.6455,5.1306759
25,6,0.0001,0.8,0.2,0.2,5.0,8.3367,7.9655032
25,6,0.0001,0.8,0.3,0.2,5.0,9.2301,12.756239
25,6,0.0001,0.75,0.1,0.2,5.0,7.6486,5.1426282
25,6,0.0001,0.75,0.2,0.2,5.0,8.3406,7.987801
25,6,0.0001,0.75,0.3,0.2,5.0,9.2352,12.795859
25,6,0.0001,0.7,0.1,0.2,5.0,7.6519,5.1553533
25,6,0.0001,0.7,0.2,0.2,5.0,8.3448,8.0118652
25,6,0.0001,0.7,0.3,0.2,5.0,9.2404,12.839437
25,6,1e-05,0.85,0.1,0.2,5.0,7.7303,7.4788084
25,6,1e-05,0.85,0.2,0.2,5.0,8.4528,15.457142
25,6,1e-05,0.85,0.3,0.2,5.0,9.4008,28.642579
25,6,1e-05,0.8,0.1,0.2,5.0,7.7314,7.490623
25,6,1e-05,0.8,0.2,0.2,5.0,8.4541,15.485027
25,6,1e-05,0.8,0.3,0.2,5.0,9.4025,28.692427
25,6,1e-05,0.75,0.1,0.2,5.0,7.7324,7.50363
25,6,1e-05,0.75,0.2,0.2,5.0,8.4555,15.514902
25,6,1e-05,0.75,0.3,0.2,5.0,9.4043,28.748262
25,6,1e-05,0.7,0.1,0.2,5.0,7.7336,7.518226
25,6,1e-05,0.7,0.2,0.2,5.0,8.457,15.549764
25,6,1e-05,0.7,0.3,0.2,5.0,9.4062,28.81108
25,6,1e-06,0.85,0.1,0.2,5.0,7.7583,25.540552
25,6,1e-06,0.85,0.2,0.2,5.0,8.4894,80.775357
25,6,1e-06,0.85,0.3,0.2,5.0,9.4518,171.700236
25,6,1e-06,0.8,0.1,0.2,5.0,7.7585,25.596521000000003
25,6,1e-06,0.8,0.2,0.2,5.0,8.4896,80.88731600000001
25,6,1e-06,0.8,0.3,0.2,5.0,9.4522,171.880184
25,6,1e-06,0.75,0.1,0.2,5.0,7.7587,25.658488
25,6,1e-06,0.75,0.2,0.2,5.0,8.4899,81.010271
25,6,1e-06,0.75,0.3,0.2,5.0,9.4525,172.070128
25,6,1e-06,0.7,0.1,0.2,5.0,7.7589,25.726452
25,6,1e-06,0.7,0.2,0.2,5.0,8.4902,81.147223
25,6,1e-06,0.7,0.3,0.2,5.0,9.4529,172.290068
25,20,0.001,0.85,0.1,0.2,5.0,9.5513,4.0443446000000005
25,20,0.001,0.85,0.2,0.2,5.0,10.256,5.8074904
25,20,0.001,0.85,0.3,0.2,5.0,11.075,8.5446186
25,20,0.001,0.8,0.1,0.2,5.0,9.5575,4.0588316
25,20,0.001,0.8,0.2,0.2,5.0,10.264,5.8359987
25,20,0.001,0.8,0.3,0.2,5.0,11.085,8.5929713
25,20,0.001,0.75,0.1,0.2,5.0,9.5639,4.074093700000001
25,20,0.001,0.75,0.2,0.2,5.0,10.274,5.8661698
25,20,0.001,0.75,0.3,0.2,5.0,11.096,8.644580000000001
25,20,0.001,0.7,0.1,0.2,5.0,9.5707,4.090127600000001
25,20,0.001,0.7,0.2,0.2,5.0,10.284,5.898198600000001
25,20,0.001,0.7,0.3,0.2,5.0,11.108,8.7000387
25,20,0.0001,0.85,0.1,0.2,5.0,9.9146,5.1193003
25,20,0.0001,0.85,0.2,0.2,5.0,10.718,7.9445768
25,20,0.0001,0.85,0.3,0.2,5.0,11.744,12.718583
25,20,0.0001,0.8,0.1,0.2,5.0,9.9181,5.1306759
25,20,0.0001,0.8,0.2,0.2,5.0,10.723,7.9655032
25,20,0.0001,0.8,0.3,0.2,5.0,11.75,12.756239
25,20,0.0001,0.75,0.1,0.2,5.0,9.9217,5.1426282
25,20,0.0001,0.75,0.2,0.2,5.0,10.727,7.987801
25,20,0.0001,0.75,0.3,0.2,5.0,11.755,12.795859
25,20,0.0001,0.7,0.1,0.2,5.0,9.9254,5.1553533
25,20,0.0001,0.7,0.2,0.2,5.0,10.732,8.0118652
25,20,0.0001,0.7,0.3,0.2,5.0,11.761,12.839437
25,20,1e-05,0.85,0.1,0.2,5.0,10.013,7.4788084
25,20,1e-05,0.85,0.2,0.2,5.0,10.849,15.457142
25,20,1e-05,0.85,0.3,0.2,5.0,11.929,28.642579
25,20,1e-05,0.8,0.1,0.2,5.0,10.015,7.490623
25,20,1e-05,0.8,0.2,0.2,5.0,10.851,15.485027
25,20,1e-05,0.8,0.3,0.2,5.0,11.931,28.692427
25,20,1e-05,0.75,0.1,0.2,5.0,10.016,7.50363
25,20,1e-05,0.75,0.2,0.2,5.0,10.852,15.514902
25,20,1e-05,0.75,0.3,0.2,5.0,11.933,28.748262
25,20,1e-05,0.7,0.1,0.2,5.0,10.017,7.518226
25,20,1e-05,0.7,0.2,0.2,5.0,10.854,15.549764
25,20,1e-05,0.7,0.3,0.2,5.0,11.935,28.81108
25,20,1e-06,0.85,0.1,0.2,5.0,10.045,25.540552
25,20,1e-06,0.85,0.2,0.2,5.0,10.89,80.775357
25,20,1e-06,0.85,0.3,0.2,5.0,11.983,171.700236
25,20,1e-06,0.8,0.1,0.2,5.0,10.045,25.596521000000003
25,20,1e-06,0.8,0.2,0.2,5.0,10.89,80.88731600000001
25,20,1e-06,0.8,0.3,0.2,5.0,11.984,171.880184
25,20,1e-06,0.75,0.1,0.2,5.0,10.045,25.658488
25,20,1e-06,0.75,0.2,0.2,5.0,10.89,81.010271
25,20,1e-06,0.75,0.3,0.2,5.0,11.984,172.070128
25,20,1e-06,0.7,0.1,0.2,5.0,10.046,25.726452
25,20,1e-06,0.7,0.2,0.2,5.0,10.89,81.147223
25,20,1e-06,0.7,0.3,0.2,5.0,11.985,172.290068
25,50,0.001,0.85,0.1,0.2,5.0,12.39,4.0443446000000005
25,50,0.001,0.85,0.2,0.2,5.0,13.269,5.8074904
25,50,0.001,0.85,0.3,0.2,5.0,14.29,8.5446186
25,50,0.001,0.8,0.1,0.2,5.0,12.398,4.0588316
25,50,0.001,0.8,0.2,0.2,5.0,13.28,5.8359987
25,50,0.001,0.8,0.3,0.2,5.0,14.303,8.5929713
25,50,0.001,0.75,0.1,0.2,5.0,12.406,4.074093700000001
25,50,0.001,0.75,0.2,0.2,5.0,13.292,5.8661698
25,50,0.001,0.75,0.3,0.2,5.0,14.317,8.644580000000001
25,50,0.001,0.7,0.1,0.2,5.0,12.414,4.090127600000001
25,50,0.001,0.7,0.2,0.2,5.0,13.304,5.898198600000001
25,50,0.001,0.7,0.3,0.2,5.0,14.332,8.7000387
25,50,0.0001,0.85,0.1,0.2,5.0,12.841,5.1193003
25,50,0.0001,0.85,0.2,0.2,5.0,13.837,7.9445768
25,50,0.0001,0.85,0.3,0.2,5.0,15.103,12.718583
25,50,0.0001,0.8,0.1,0.2,5.0,12.845,5.1306759
25,50,0.0001,0.8,0.2,0.2,5.0,13.843,7.9655032
25,50,0.0001,0.8,0.3,0.2,5.0,15.11,12.756239
25,50,0.0001,0.75,0.1,0.2,5.0,12.85,5.1426282
25,50,0.0001,0.75,0.2,0.2,5.0,13.848,7.987801
25,50,0.0001,0.75,0.3,0.2,5.0,15.117,12.795859
25,50,0.0001,0.7,0.1,0.2,5.0,12.854,5.1553533
25,50,0.0001,0.7,0.2,0.2,5.0,13.854,8.0118652
25,50,0.0001,0.7,0.3,0.2,5.0,15.124,12.839437
25,50,1e-05,0.85,0.1,0.2,5.0,12.963,7.4788084
25,50,1e-05,0.85,0.2,0.2,5.0,13.998,15.457142
25,50,1e-05,0.85,0.3,0.2,5.0,15.327,28.642579
25,50,1e-05,0.8,0.1,0.2,5.0,12.964,7.490623
25,50,1e-05,0.8,0.2,0.2,5.0,14.0,15.485027
25,50,1e-05,0.8,0.3,0.2,5.0,15.33,28.692427
25,50,1e-05,0.75,0.1,0.2,5.0,12.966,7.50363
25,50,1e-05,0.75,0.2,0.2,5.0,14.002,15.514902
25,50,1e-05,0.75,0.3,0.2,5.0,15.332,28.748262
25,50,1e-05,0.7,0.1,0.2,5.0,12.968,7.518226
25,50,1e-05,0.7,0.2,0.2,5.0,14.004,15.549764
25,50,1e-05,0.7,0.3,0.2,5.0,15.335,28.81108
25,50,1e-06,0.85,0.1,0.2,5.0,13.002,25.540552
25,50,1e-06,0.85,0.2,0.2,5.0,14.047,80.775357
25,50,1e-06,0.85,0.3,0.2,5.0,15.393,171.700236
25,50,1e-06,0.8,0.1,0.2,5.0,13.002,25.596521000000003
25,50,1e-06,0.8,0.2,0.2,5.0,14.048,80.88731600000001
25,50,1e-06,0.8,0.3,0.2,5.0,15.394,171.880184
25,50,1e-06,0.75,0.1,0.2,5.0,13.003,25.658488
25,50,1e-06,0.75,0.2,0.2,5.0,14.048,81.010271
25,50,1e-06,0.75,0.3,0.2,5.0,15.394,172.070128
25,50,1e-06,0.7,0.1,0.2,5.0,13.003,25.726452
25,50,1e-06,0.7,0.2,0.2,5.0,14.048,81.147223
25,50,1e-06,0.7,0.3,0.2,5.0,15.395,172.290068
100,3,0.001,0.85,0.1,0.2,5.0,8.3988,17.889364
100,3,0.001,0.85,0.2,0.2,5.0,9.0732,25.999876
100,3,0.001,0.85,0.3,0.2,5.0,9.8978,38.819399
100,3,0.001,0.8,0.1,0.2,5.0,8.4069,17.975393
100,3,0.001,0.8,0.2,0.2,5.0,9.0845,26.164819
100,3,0.001,0.8,0.3,0.2,5.0,9.9122,39.124275
100,3,0.001,0.75,0.1,0.2,5.0,8.4154,18.06635
100,3,0.001,0.75,0.2,0.2,5.0,9.0964,26.340677
100,3,0.001,0.75,0.3,0.2,5.0,9.9275,39.452063
100,3,0.001,0.7,0.1,0.2,5.0,8.4245,18.165227
100,3,0.001,0.7,0.2,0.2,5.0,9.1091,26.530441
100,3,0.001,0.7,0.3,0.2,5.0,9.9436,39.807754
100,3,0.0001,0.85,0.1,0.2,5.0,8.6752,22.342602
100,3,0.0001,0.85,0.2,0.2,5.0,9.4114,34.836484
100,3,0.0001,0.85,0.3,0.2,5.0,10.391,55.823051
100,3,0.0001,0.8,0.1,0.2,5.0,8.6786,22.399934
100,3,0.0001,0.8,0.2,0.2,5.0,9.4161,34.963696
100,3,0.0001,0.8,0.3,0.2,5.0,10.397,56.069094
100,3,0.0001,0.75,0.1,0.2,5.0,8.6822,22.462199
100,3,0.0001,0.75,0.2,0.2,5.0,9.4211,35.10283
100,3,0.0001,0.75,0.3,0.2,5.0,10.404,56.340043
100,3,0.0001,0.7,0.1,0.2,5.0,8.6859,22.528386
100,3,0.0001,0.7,0.2,0.2,5.0,9.4264,35.255874
100,3,0.0001,0.7,0.3,0.2,5.0,10.411,56.640883
100,3,1e-05,0.85,0.1,0.2,5.0,8.7531,32.212896
100,3,1e-05,0.85,0.2,0.2,5.0,9.5051,66.049246
100,3,1e-05,0.85,0.3,0.2,5.0,10.524,121.726
100,3,1e-05,0.8,0.1,0.2,5.0,8.7542,32.299638
100,3,1e-05,0.8,0.2,0.2,5.0,9.5067,66.296903
100,3,1e-05,0.8,0.3,0.2,5.0,10.526,122.215559
100,3,1e-05,0.75,0.1,0.2,5.0,8.7553,32.398353
100,3,1e-05,0.75,0.2,0.2,5.0,9.5084,66.580528
100,3,1e-05,0.75,0.3,0.2,5.0,10.528,122.775079
100,3,1e-05,0.7,0.1,0.2,5.0,8.7566,32.510039
100,3,1e-05,0.7,0.2,0.2,5.0,9.5102,66.90811599999999
100,3,1e-05,0.7,0.3,0.2,5.0,10.531,123.424551
100,3,1e-06,0.85,0.1,0.2,5.0,8.7791,105.159322
100,3,1e-06,0.85,0.2,0.2,5.0,9.5355,329.91875500000003
100,3,1e-06,0.85,0.3,0.2,5.0,10.562,699.635938
100,3,1e-06,0.8,0.1,0.2,5.0,8.7793,105.479228
100,3,1e-06,0.8,0.2,0.2,5.0,9.5358,330.728629
100,3,1e-06,0.8,0.3,0.2,5.0,10.562,701.135786
100,3,1e-06,0.75,0.1,0.2,5.0,8.7795,105.829127
100,3,1e-06,0.75,0.2,0.2,5.0,9.5362,331.648495
100,3,1e-06,0.75,0.3,0.2,5.0,10.563,702.8656209999999
100,3,1e-06,0.7,0.1,0.2,5.0,8.7797,106.229019
100,3,1e-06,0.7,0.2,0.2,5.0,9.5365,332.718349
100,3,1e-06,0.7,0.3,0.2,5.0,10.563,704.8654429999999
100,6,0.001,0.85,0.1,0.2,5.0,10.009,17.889364
100,6,0.001,0.85,0.2,0.2,5.0,10.769,25.999876
100,6,0.001,0.85,0.3,0.2,5.0,11.696,38.819399
100,6,0.001,0.8,0.1,0.2,5.0,10.018,17.975393
100,6,0.001,0.8,0.2,0.2,5.0,10.781,26.164819
100,6,0.001,0.8,0.3,0.2,5.0,11.712,39.124275
100,6,0.001,0.75,0.1,0.2,5.0,10.028,18.06635
100,6,0.001,0.75,0.2,0.2,5.0,10.794,26.340677
100,6,0.001,0.75,0.3,0.2,5.0,11.729,39.452063
100,6,0.001,0.7,0.1,0.2,5.0,10.038,18.165227
100,6,0.001,0.7,0.2,0.2,5.0,10.808,26.530441
100,6,0.001,0.7,0.3,0.2,5.0,11.747,39.807754
100,6,0.0001,0.85,0.1,0.2,5.0,10.318,22.342602
100,6,0.0001,0.85,0.2,0.2,5.0,11.149,34.836484
100,6,0.0001,0.85,0.3,0.2,5.0,12.229,55.823051
100,6,0.0001,0.8,0.1,0.2,5.0,10.322,22.399934
100,6,0.0001,0.8,0.2,0.2,5.0,11.154,34.963696
100,6,0.0001,0.8,0.3,0.2,5.0,12.237,56.069094
100,6,0.0001,0.75,0.1,0.2,5.0,10.326,22.462199
100,6,0.0001,0.75,0.2,0.2,5.0,11.16,35.10283
100,6,0.0001,0.75,0.3,0.2,5.0,12.244,56.340043
100,6,0.0001,0.7,0.1,0.2,5.0,10.33,22.528386
100,6,0.0001,0.7,0.2,0.2,5.0,11.166,35.255874
100,6,0.0001,0.7,0.3,0.2,5.0,12.251,56.640883
100,6,1e-05,0.85,0.1,0.2,5.0,10.404,32.212896
100,6,1e-05,0.85,0.2,0.2,5.0,11.256,66.049246
100,6,1e-05,0.85,0.3,0.2,5.0,12.383,121.726
100,6,1e-05,0.8,0.1,0.2,5.0,10.406,32.299638
100,6,1e-05,0.8,0.2,0.2,5.0,11.258,66.296903
100,6,1e-05,0.8,0.3,0.2,5.0,12.385,122.215559
100,6,1e-05,0.75,0.1,0.2,5.0,10.407,32.398353
100,6,1e-05,0.75,0.2,0.2,5.0,11.26,66.580528
100,6,1e-05,0.75,0.3,0.2,5.0,12.388,122.775079
100,6,1e-05,0.7,0.1,0.2,5.0,10.408,32.510039
100,6,1e-05,0.7,0.2,0.2,5.0,11.262,66.90811599999999
100,6,1e-05,0.7,0.3,0.2,5.0,12.39,123.424551
100,6,1e-06,0.85,0.1,0.2,5.0,10.433,105.159322
100,6,1e-06,0.85,0.2,0.2,5.0,11.29,329.91875500000003
100,6,1e-06,0.85,0.3,0.2,5.0,12.426,699.635938
100,6,1e-06,0.8,0.1,0.2,5.0,10.433,105.479228
100,6,1e-06,0.8,0.2,0.2,5.0,11.291,330.728629
100,6,1e-06,0.8,0.3,0.2,5.0,12.426,701.135786
100,6,1e-06,0.75,0.1,0.2,5.0,10.434,105.829127
100,6,1e-06,0.75,0.2,0.2,5.0,11.291,331.648495
100,6,1e-06,0.75,0.3,0.2,5.0,12.426,702.8656209999999
100,6,1e-06,0.7,0.1,0.2,5.0,10.434,106.229019
100,6,1e-06,0.7,0.2,0.2,5.0,11.291,332.718349
100,6,1e-06,0.7,0.3,0.2,5.0,12.427,704.8654429999999
100,20,0.001,0.85,0.1,0.2,5.0,14.307,17.889364
100,20,0.001,0.85,0.2,0.2,5.0,15.345,25.999876
100,20,0.001,0.85,0.3,0.2,5.0,16.638,38.819399
100,20,0.001,0.8,0.1,0.2,5.0,14.32,17.975393
100,20,0.001,0.8,0.2,0.2,5.0,15.362,26.164819
100,20,0.001,0.8,0.3,0.2,5.0,16.661,39.124275
100,20,0.001,0.75,0.1,0.2,5.0,14.333,18.06635
100,20,0.001,0.75,0.2,0.2,5.0,15.38,26.340677
100,20,0.001,0.75,0.3,0.2,5.0,16.684,39.452063
100,20,0.001,0.7,0.1,0.2,5.0,14.348,18.165227
100,20,0.001,0.7,0.2,0.2,5.0,15.399,26.530441
100,20,0.001,0.7,0.3,0.2,5.0,16.708,39.807754
100,20,0.0001,0.85,0.1,0.2,5.0,14.73,22.342602
100,20,0.0001,0.85,0.2,0.2,5.0,15.839,34.836484
100,20,0.0001,0.85,0.3,0.2,5.0,17.327,55.823051
100,20,0.0001,0.8,0.1,0.2,5.0,14.735,22.399934
100,20,0.0001,0.8,0.2,0.2,5.0,15.847,34.963696
100,20,0.0001,0.8,0.3,0.2,5.0,17.337,56.069094
100,20,0.0001,0.75,0.1,0.2,5.0,14.74,22.462199
100,20,0.0001,0.75,0.2,0.2,5.0,15.854,35.10283
100,20,0.0001,0.75,0.3,0.2,5.0,17.347,56.340043
100,20,0.0001,0.7,0.1,0.2,5.0,14.746,22.528386
100,20,0.0001,0.7,0.2,0.2,5.0,15.863,35.255874
100,20,0.0001,0.7,0.3,0.2,5.0,17.358,56.640883
100,20,1e-05,0.85,0.1,0.2,5.0,14.843,32.212896
100,20,1e-05,0.85,0.2,0.2,5.0,15.968,66.049246
100,20,1e-05,0.85,0.3,0.2,5.0,17.505,121.726
100,20,1e-05,0.8,0.1,0.2,5.0,14.845,32.299638
100,20,1e-05,0.8,0.2,0.2,5.0,15.971,66.296903
100,20,1e-05,0.8,0.3,0.2,5.0,17.509,122.215559
100,20,1e-05,0.75,0.1,0.2,5.0,14.847,32.398353
100,20,1e-05,0.75,0.2,0.2,5.0,15.974,66.580528
100,20,1e-05,0.75,0.3,0.2,5.0,17.512,122.775079
100,20,1e-05,0.7,0.1,0.2,5.0,14.849,32.510039
100,20,1e-05,0.7,0.2,0.2,5.0,15.976,66.90811599999999
100,20,1e-05,0.7,0.3,0.2,5.0,17.516,123.424551
100,20,1e-06,0.85,0.1,0.2,5.0,14.883,105.159322
100,20,1e-06,0.85,0.2,0.2,5.0,16.009,329.91875500000003
100,20,1e-06,0.85,0.3,0.2,5.0,17.552,699.635938
100,20,1e-06,0.8,0.1,0.2,5.0,14.883,105.479228
100,20,1e-06,0.8,0.2,0.2,5.0,16.01,330.728629
100,20,1e-06,0.8,0.3,0.2,5.0,17.553,701.135786
100,20,1e-06,0.75,0.1,0.2,5.0,14.883,105.829127
100,20,1e-06,0.75,0.2,0.2,5.0,16.01,331.648495
100,20,1e-06,0.75,0.3,0.2,5.0,17.554,702.8656209999999
100,20,1e-06,0.7,0.1,0.2,5.0,14.884,106.229019
100,20,1e-06,0.7,0.2,0.2,5.0,16.011,332.718349
100,20,1e-06,0.7,0.3,0.2,5.0,17.555,704.8654429999999
100,50,0.001,0.85,0.1,0.2,5.0,19.184,17.889364
100,50,0.001,0.85,0.2,0.2,5.0,20.706,25.999876
100,50,0.001,0.85,0.3,0.2,5.0,22.475,38.819399
100,50,0.001,0.8,0.1,0.2,5.0,19.202,17.975393
100,50,0.001,0.8,0.2,0.2,5.0,20.73,26.164819
100,50,0.001,0.8,0.3,0.2,5.0,22.507,39.124275
100,50,0.001,0.75,0.1,0.2,5.0,19.22,18.06635
100,50,0.001,0.75,0.2,0.2,5.0,20.756,26.340677
100,50,0.001,0.75,0.3,0.2,5.0,22.541,39.452063
100,50,0.001,0.7,0.1,0.2,5.0,19.24,18.165227
100,50,0.001,0.7,0.2,0.2,5.0,20.783,26.530441
100,50,0.001,0.7,0.3,0.2,5.0,22.575,39.807754
100,50,0.0001,0.85,0.1,0.2,5.0,19.757,22.342602
100,50,0.0001,0.85,0.2,0.2,5.0,21.373,34.836484
100,50,0.0001,0.85,0.3,0.2,5.0,23.43,55.823051
100,50,0.0001,0.8,0.1,0.2,5.0,19.764,22.399934
100,50,0.0001,0.8,0.2,0.2,5.0,21.383,34.963696
100,50,0.0001,0.8,0.3,0.2,5.0,23.444,56.069094
100,50,0.0001,0.75,0.1,0.2,5.0,19.772,22.462199
100,50,0.0001,0.75,0.2,0.2,5.0,21.395,35.10283
100,50,0.0001,0.75,0.3,0.2,5.0,23.459,56.340043
100,50,0.0001,0.7,0.1,0.2,5.0,19.78,22.528386
100,50,0.0001,0.7,0.2,0.2,5.0,21.406,35.255874
100,50,0.0001,0.7,0.3,0.2,5.0,23.475,56.640883
100,50,1e-05,0.85,0.1,0.2,5.0,19.918,32.212897000000005
100,50,1e-05,0.85,0.2,0.2,5.0,21.544,66.049246
100,50,1e-05,0.85,0.3,0.2,5.0,23.666,121.726
100,50,1e-05,0.8,0.1,0.2,5.0,19.92,32.299638
100,50,1e-05,0.8,0.2,0.2,5.0,21.548,66.296903
100,50,1e-05,0.8,0.3,0.2,5.0,23.671,122.215559
100,50,1e-05,0.75,0.1,0.2,5.0,19.923,32.398354000000005
100,50,1e-05,0.75,0.2,0.2,5.0,21.552,66.580528
100,50,1e-05,0.75,0.3,0.2,5.0,23.677,122.775079
100,50,1e-05,0.7,0.1,0.2,5.0,19.925,32.511039000000004
100,50,1e-05,0.7,0.2,0.2,5.0,21.556,66.90811599999999
100,50,1e-05,0.7,0.3,0.2,5.0,23.683,123.424551
100,50,1e-06,0.85,0.1,0.2,5.0,19.972,105.159322
100,50,1e-06,0.85,0.2,0.2,5.0,21.602,329.91875500000003
100,50,1e-06,0.85,0.3,0.2,5.0,23.73,699.635938
100,50,1e-06,0.8,0.1,0.2,5.0,19.973,105.479228
100,50,1e-06,0.8,0.2,0.2,5.0,21.603,330.728629
100,50,1e-06,0.8,0.3,0.2,5.0,23.732,701.135786
100,50,1e-06,0.75,0.1,0.2,5.0,19.973,105.829127
100,50,1e-06,0.75,0.2,0.2,5.0,21.603,331.648495
100,50,1e-06,0.75,0.3,0.2,5.0,23.733,702.8656209999999
100,50,1e-06,0.7,0.1,0.2,5.0,19.974,106.229019
100,50,1e-06,0.7,0.2,0.2,5.0,21.604,332.718349
100,50,1e-06,0.7,0.3,0.2,5.0,23.734,704.8654429999999
250,3,0.001,0.85,0.1,0.2,5.0,10.565,53.743645
250,3,0.001,0.85,0.2,0.2,5.0,11.484,80.073689
250,3,0.001,0.85,0.3,0.2,5.0,12.698,122.152989
250,3,0.001,0.8,0.1,0.2,5.0,10.577,54.06946
250,3,0.001,0.8,0.2,0.2,5.0,11.5,80.716712
250,3,0.001,0.8,0.3,0.2,5.0,12.719,123.381174
250,3,0.001,0.75,0.1,0.2,5.0,10.589,54.417125000000006
250,3,0.001,0.75,0.2,0.2,5.0,11.517,81.404502
250,3,0.001,0.75,0.3,0.2,5.0,12.74,124.709267
250,3,0.001,0.7,0.1,0.2,5.0,10.603,54.789619
250,3,0.001,0.7,0.2,0.2,5.0,11.534,82.144241
250,3,0.001,0.7,0.3,0.2,5.0,12.761,126.147261
250,3,0.0001,0.85,0.1,0.2,5.0,10.763,66.01930899999999
250,3,0.0001,0.85,0.2,0.2,5.0,11.6,104.35358
250,3,0.0001,0.85,0.3,0.2,5.0,12.782,168.857607
250,3,0.0001,0.8,0.1,0.2,5.0,10.768,66.236936
250,3,0.0001,0.8,0.2,0.2,5.0,11.608,104.912881
250,3,0.0001,0.8,0.3,0.2,5.0,12.792,169.97048
250,3,0.0001,0.75,0.1,0.2,5.0,10.773,66.473428
250,3,0.0001,0.75,0.2,0.2,5.0,11.616,105.522105
250,3,0.0001,0.75,0.3,0.2,5.0,12.802,171.223648
250,3,0.0001,0.7,0.1,0.2,5.0,10.778,66.732761
250,3,0.0001,0.7,0.2,0.2,5.0,11.624,106.211232
250,3,0.0001,0.7,0.3,0.2,5.0,12.813,172.647137
250,3,1e-05,0.85,0.1,0.2,5.0,10.814,93.168401
250,3,1e-05,0.85,0.2,0.2,5.0,11.595,188.621369
250,3,1e-05,0.85,0.3,0.2,5.0,12.756,344.86763
250,3,1e-05,0.8,0.1,0.2,5.0,10.816,93.573862
250,3,1e-05,0.8,0.2,0.2,5.0,11.598,189.900716
250,3,1e-05,0.8,0.3,0.2,5.0,12.761,347.47704000000004
250,3,1e-05,0.75,0.1,0.2,5.0,10.817,94.03727
250,3,1e-05,0.75,0.2,0.2,5.0,11.601,191.380008
250,3,1e-05,0.75,0.3,0.2,5.0,12.766,350.49641
250,3,1e-05,0.7,0.1,0.2,5.0,10.819,94.570616
250,3,1e-05,0.7,0.2,0.2,5.0,11.605,193.09924
250,3,1e-05,0.7,0.3,0.2,5.0,12.771,354.01576
250,3,1e-06,0.85,0.1,0.2,5.0,10.836,279.716671
250,3,1e-06,0.85,0.2,0.2,5.0,11.588,862.75248
250,3,1e-06,0.85,0.3,0.2,5.0,12.734,1820.15434
250,3,1e-06,0.8,0.1,0.2,5.0,10.836,280.956474
250,3,1e-06,0.8,0.2,0.2,5.0,11.589,866.75223
250,3,1e-06,0.8,0.3,0.2,5.0,12.736,1828.15405
250,3,1e-06,0.75,0.1,0.2,5.0,10.836,282.436263
250,3,1e-06,0.75,0.2,0.2,5.0,11.59,871.57195
250,3,1e-06,0.75,0.3,0.2,5.0,12.738,1837.55373
250,3,1e-06,0.7,0.1,0.2,5.0,10.836,284.216035
250,3,1e-06,0.7,0.2,0.2,5.0,11.591,877.28165
250,3,1e-06,0.7,0.3,0.2,5.0,12.74,1848.75339
250,6,0.001,0.85,0.1,0.2,5.0,12.918,53.743645
250,6,0.001,0.85,0.2,0.2,5.0,14.042,80.073689
250,6,0.001,0.85,0.3,0.2,5.0,15.527,122.152989
250,6,0.001,0.8,0.1,0.2,5.0,12.933,54.06946
250,6,0.001,0.8,0.2,0.2,5.0,14.061,80.716712
250,6,0.001,0.8,0.3,0.2,5.0,15.552,123.381174
250,6,0.001,0.75,0.1,0.2,5.0,12.948,54.417125000000006
250,6,0.001,0.75,0.2,0.2,5.0,14.081,81.404502
250,6,0.001,0.75,0.3,0.2,5.0,15.577,124.709267
250,6,0.001,0.7,0.1,0.2,5.0,12.964,54.789619
250,6,0.001,0.7,0.2,0.2,5.0,14.102,82.144241
250,6,0.001,0.7,0.3,0.2,5.0,15.603,126.147261
250,6,0.0001,0.85,0.1,0.2,5.0,13.143,66.01930899999999
250,6,0.0001,0.85,0.2,0.2,5.0,14.146,104.35358
250,6,0.0001,0.85,0.3,0.2,5.0,15.559,168.857607
250,6,0.0001,0.8,0.1,0.2,5.0,13.148,66.236936
250,6,0.0001,0.8,0.2,0.2,5.0,14.155,104.912881
250,6,0.0001,0.8,0.3,0.2,5.0,15.571,169.97048
250,6,0.0001,0.75,0.1,0.2,5.0,13.154,66.473428
250,6,0.0001,0.75,0.2,0.2,5.0,14.165,105.522105
250,6,0.0001,0.75,0.3,0.2,5.0,15.584,171.223648
250,6,0.0001,0.7,0.1,0.2,5.0,13.161,66.732761
250,6,0.0001,0.7,0.2,0.2,5.0,14.175,106.211232
250,6,0.0001,0.7,0.3,0.2,5.0,15.597,172.647137
250,6,1e-05,0.85,0.1,0.2,5.0,13.199,93.168401
250,6,1e-05,0.85,0.2,0.2,5.0,14.127,188.621369
250,6,1e-05,0.85,0.3,0.2,5.0,15.508,344.86763
250,6,1e-05,0.8,0.1,0.2,5.0,13.201,93.573862
250,6,1e-05,0.8,0.2,0.2,5.0,14.13,189.900716
250,6,1e-05,0.8,0.3,0.2,5.0,15.514,347.47704000000004
250,6,1e-05,0.75,0.1,0.2,5.0,13.202,94.03727
250,6,1e-05,0.75,0.2,0.2,5.0,14.134,191.380008
250,6,1e-05,0.75,0.3,0.2,5.0,15.52,350.49641
250,6,1e-05,0.7,0.1,0.2,5.0,13.204,94.570616
250,6,1e-05,0.7,0.2,0.2,5.0,14.139,193.09924
250,6,1e-05,0.7,0.3,0.2,5.0,15.526,354.01576
250,6,1e-06,0.85,0.1,0.2,5.0,13.225,279.716671
250,6,1e-06,0.85,0.2,0.2,5.0,14.107,862.75248
250,6,1e-06,0.85,0.3,0.2,5.0,15.477,1820.15434
250,6,1e-06,0.8,0.1,0.2,5.0,13.225,280.956474
250,6,1e-06,0.8,0.2,0.2,5.0,14.108,866.75223
250,6,1e-06,0.8,0.3,0.2,5.0,15.479,1828.15405
250,6,1e-06,0.75,0.1,0.2,5.0,13.225,282.436263
250,6,1e-06,0.75,0.2,0.2,5.0,14.109,871.57195
250,6,1e-06,0.75,0.3,0.2,5.0,15.481,1837.55373
250,6,1e-06,0.7,0.1,0.2,5.0,13.225,284.216035
250,6,1e-06,0.7,0.2,0.2,5.0,14.111,877.28165
250,6,1e-06,0.7,0.3,0.2,5.0,15.484,1848.75339
250,20,0.001,0.85,0.1,0.2,5.0,18.969,53.743645
250,20,0.001,0.85,0.2,0.2,5.0,20.711,80.073689
250,20,0.001,0.85,0.3,0.2,5.0,22.971,122.152989
250,20,0.001,0.8,0.1,0.2,5.0,18.991,54.06946
250,20,0.001,0.8,0.2,0.2,5.0,20.74,80.716712
250,20,0.001,0.8,0.3,0.2,5.0,23.009,123.381174
250,20,0.001,0.75,0.1,0.2,5.0,19.014,54.417125000000006
250,20,0.001,0.75,0.2,0.2,5.0,20.769,81.404502
250,20,0.001,0.75,0.3,0.2,5.0,23.047,124.709267
250,20,0.001,0.7,0.1,0.2,5.0,19.038,54.789619
250,20,0.001,0.7,0.2,0.2,5.0,20.799,82.144241
250,20,0.001,0.7,0.3,0.2,5.0,23.085,126.147261
250,20,0.0001,0.85,0.1,0.2,5.0,19.285,66.01930899999999
250,20,0.0001,0.85,0.2,0.2,5.0,20.826,104.35358
250,20,0.0001,0.85,0.3,0.2,5.0,23.002,168.857607
250,20,0.0001,0.8,0.1,0.2,5.0,19.294,66.236936
250,20,0.0001,0.8,0.2,0.2,5.0,20.841,104.912881
250,20,0.0001,0.8,0.3,0.2,5.0,23.021,169.97048
250,20,0.0001,0.75,0.1,0.2,5.0,19.303,66.473428
250,20,0.0001,0.75,0.2,0.2,5.0,20.856,105.522105
250,20,0.0001,0.75,0.3,0.2,5.0,23.04,171.223648
250,20,0.0001,0.7,0.1,0.2,5.0,19.313,66.732761
250,20,0.0001,0.7,0.2,0.2,5.0,20.872,106.211232
250,20,0.0001,0.7,0.3,0.2,5.0,23.06,172.647137
250,20,1e-05,0.85,0.1,0.2,5.0,19.355,93.168401
250,20,1e-05,0.85,0.2,0.2,5.0,20.779,188.621369
250,20,1e-05,0.85,0.3,0.2,5.0,22.881,344.86763
250,20,1e-05,0.8,0.1,0.2,5.0,19.358,93.573862
250,20,1e-05,0.8,0.2,0.2,5.0,20.785,189.900716
250,20,1e-05,0.8,0.3,0.2,5.0,22.889,347.47704000000004
250,20,1e-05,0.75,0.1,0.2,5.0,19.36,94.03727
250,20,1e-05,0.75,0.2,0.2,5.0,20.791,191.380008
250,20,1e-05,0.75,0.3,0.2,5.0,22.898,350.49641
250,20,1e-05,0.7,0.1,0.2,5.0,19.363,94.570616
250,20,1e-05,0.7,0.2,0.2,5.0,20.798,193.09924
250,20,1e-05,0.7,0.3,0.2,5.0,22.908,354.01576
250,20,1e-06,0.85,0.1,0.2,5.0,19.392,279.716671
250,20,1e-06,0.85,0.2,0.2,5.0,20.658,862.75248
250,20,1e-06,0.85,0.3,0.2,5.0,22.832,1820.15434
250,20,1e-06,0.8,0.1,0.2,5.0,19.392,280.956474
250,20,1e-06,0.8,0.2,0.2,5.0,20.659,866.75223
250,20,1e-06,0.8,0.3,0.2,5.0,22.835,1828.15405
250,20,1e-06,0.75,0.1,0.2,5.0,19.392,282.436263
250,20,1e-06,0.75,0.2,0.2,5.0,20.661,871.57195
250,20,1e-06,0.75,0.3,0.2,5.0,22.839,1837.55373
250,20,1e-06,0.7,0.1,0.2,5.0,19.393,284.216035
250,20,1e-06,0.7,0.2,0.2,5.0,20.663,877.28165
250,20,1e-06,0.7,0.3,0.2,5.0,22.843,1848.75339
250,50,0.001,0.85,0.1,0.2,5.0,26.011,53.743645
250,50,0.001,0.85,0.2,0.2,5.0,28.487,80.073689
250,50,0.001,0.85,0.3,0.2,5.0,31.799,122.152989
250,50,0.001,0.8,0.1,0.2,5.0,26.041,54.06946
250,50,0.001,0.8,0.2,0.2,5.0,28.523,80.716712
250,50,0.001,0.8,0.3,0.2,5.0,31.849,123.381174
250,50,0.001,0.75,0.1,0.2,5.0,26.072,54.417125000000006
250,50,0.001,0.75,0.2,0.2,5.0,28.56,81.404502
250,50,0.001,0.75,0.3,0.2,5.0,31.9,124.709267
250,50,0.001,0.7,0.1,0.2,5.0,26.105,54.789619
250,50,0.001,0.7,0.2,0.2,5.0,28.598,82.144241
250,50,0.001,0.7,0.3,0.2,5.0,31.949,126.147261
250,50,0.0001,0.85,0.1,0.2,5.0,26.444,66.01930899999999
250,50,0.0001,0.85,0.2,0.2,5.0,28.526,104.35358
250,50,0.0001,0.85,0.3,0.2,5.0,31.529,168.857607
250,50,0.0001,0.8,0.1,0.2,5.0,26.457,66.236936
250,50,0.0001,0.8,0.2,0.2,5.0,28.546,104.912881
250,50,0.0001,0.8,0.3,0.2,5.0,31.554,169.97048
250,50,0.0001,0.75,0.1,0.2,5.0,26.47,66.473428
250,50,0.0001,0.75,0.2,0.2,5.0,28.567,105.522105
250,50,0.0001,0.75,0.3,0.2,5.0,31.58,171.223648
250,50,0.0001,0.7,0.1,0.2,5.0,26.484,66.732762
250,50,0.0001,0.7,0.2,0.2,5.0,28.589,106.211232
250,50,0.0001,0.7,0.3,0.2,5.0,31.607,172.647137
250,50,1e-05,0.85,0.1,0.2,5.0,26.546,93.168401
250,50,1e-05,0.85,0.2,0.2,5.0,28.427,188.621369
250,50,1e-05,0.85,0.3,0.2,5.0,31.284,344.86763
250,50,1e-05,0.8,0.1,0.2,5.0,26.55,93.573862
250,50,1e-05,0.8,0.2,0.2,5.0,28.435,189.900716
250,50,1e-05,0.8,0.3,0.2,5.0,31.296,347.47704000000004
250,50,1e-05,0.75,0.1,0.2,5.0,26.553,94.03727
250,50,1e-05,0.75,0.2,0.2,5.0,28.444,191.380008
250,50,1e-05,0.75,0.3,0.2,5.0,31.308,350.49641
250,50,1e-05,0.7,0.1,0.2,5.0,26.558,94.570616
250,50,1e-05,0.7,0.2,0.2,5.0,28.454,193.09924
250,50,1e-05,0.7,0.3,0.2,5.0,31.322,354.01576
250,50,1e-06,0.85,0.1,0.2,5.0,26.597,279.716671
250,50,1e-06,0.85,0.2,0.2,5.0,28.322,862.75248
250,50,1e-06,0.85,0.3,0.2,5.0,31.2,1820.15434
250,50,1e-06,0.8,0.1,0.2,5.0,26.597,280.956474
250,50,1e-06,0.8,0.2,0.2,5.0,28.324,866.75223
250,50,1e-06,0.8,0.3,0.2,5.0,31.204,1828.15405
250,50,1e-06,0.75,0.1,0.2,5.0,26.598,282.436263
250,50,1e-06,0.75,0.2,0.2,5.0,28.326,871.57195
250,50,1e-06,0.75,0.3,0.2,5.0,31.209,1837.55373
250,50,1e-06,0.7,0.1,0.2,5.0,26.599,284.216035
250,50,1e-06,0.7,0.2,0.2,5.0,28.329,877.28165
250,50,1e-06,0.7,0.3,0.2,5.0,31.215,1848.75339
500,3,0.001,0.85,0.1,0.2,5.0,12.763,136.67735100000002
500,3,0.001,0.85,0.2,0.2,5.0,14.173,206.8988
500,3,0.001,0.85,0.3,0.2,5.0,15.996,317.58106000000004
500,3,0.001,0.8,0.1,0.2,5.0,12.778,137.61308200000002
500,3,0.001,0.8,0.2,0.2,5.0,14.191,208.81557
500,3,0.001,0.8,0.3,0.2,5.0,16.022,321.26845000000003
500,3,0.001,0.75,0.1,0.2,5.0,12.793,138.618542
500,3,0.001,0.75,0.2,0.2,5.0,14.208,210.86219
500,3,0.001,0.75,0.3,0.2,5.0,16.047,325.24581
500,3,0.001,0.7,0.1,0.2,5.0,12.808,139.683705
500,3,0.001,0.7,0.2,0.2,5.0,14.225,213.06853
500,3,0.001,0.7,0.3,0.2,5.0,16.072,329.55309
500,3,0.0001,0.85,0.1,0.2,5.0,12.83,165.344539
500,3,0.0001,0.85,0.2,0.2,5.0,13.845,265.485887
500,3,0.0001,0.85,0.3,0.2,5.0,15.389,433.90025
500,3,0.0001,0.8,0.1,0.2,5.0,12.836,166.04222499999997
500,3,0.0001,0.8,0.2,0.2,5.0,13.855,267.33919000000003
500,3,0.0001,0.8,0.3,0.2,5.0,15.401,437.77159
500,3,0.0001,0.75,0.1,0.2,5.0,12.843,166.78968999999998
500,3,0.0001,0.75,0.2,0.2,5.0,13.866,269.39263459999995
500,3,0.0001,0.75,0.3,0.2,5.0,15.414,442.12473
500,3,0.0001,0.7,0.1,0.2,5.0,12.85,167.62687
500,3,0.0001,0.7,0.2,0.2,5.0,13.876,271.7562132
500,3,0.0001,0.7,0.3,0.2,5.0,15.426,447.08985
500,3,1e-05,0.85,0.1,0.2,5.0,12.815,228.49253
500,3,1e-05,0.85,0.2,0.2,5.0,13.674,456.21956
500,3,1e-05,0.85,0.3,0.2,5.0,15.151,824.3443000000001
500,3,1e-05,0.8,0.1,0.2,5.0,12.817,229.91157
500,3,1e-05,0.8,0.2,0.2,5.0,13.68,460.63898
500,3,1e-05,0.8,0.3,0.2,5.0,15.158,833.5462
500,3,1e-05,0.75,0.1,0.2,5.0,12.819,231.46052
500,3,1e-05,0.75,0.2,0.2,5.0,13.685,465.67841
500,3,1e-05,0.75,0.3,0.2,5.0,15.164,844.0986
500,3,1e-05,0.7,0.1,0.2,5.0,12.821,233.18936
500,3,1e-05,0.7,0.2,0.2,5.0,13.692,471.49787
500,3,1e-05,0.7,0.3,0.2,5.0,15.172,856.3616400000001
500,3,1e-06,0.85,0.1,0.2,5.0,12.824,620.2189199999999
500,3,1e-06,0.85,0.2,0.2,5.0,13.577,1861.25612
500,3,1e-06,0.85,0.3,0.2,5.0,15.073,3886.39378
500,3,1e-06,0.8,0.1,0.2,5.0,12.824,624.86856
500,3,1e-06,0.8,0.2,0.2,5.0,13.58,1875.75565
500,3,1e-06,0.8,0.3,0.2,5.0,15.076,3915.39331
500,3,1e-06,0.75,0.1,0.2,5.0,12.824,629.95816
500,3,1e-06,0.75,0.2,0.2,5.0,13.583,1891.75515
500,3,1e-06,0.75,0.3,0.2,5.0,15.08,3948.29281
500,3,1e-06,0.7,0.1,0.2,5.0,12.824,635.55773
500,3,1e-06,0.7,0.2,0.2,5.0,13.586,1910.35461
500,3,1e-06,0.7,0.3,0.2,5.0,15.083,3986.59227
500,6,0.001,0.85,0.1,0.2,5.0,15.742,136.67735100000002
500,6,0.001,0.85,0.2,0.2,5.0,17.564,206.8988
500,6,0.001,0.85,0.3,0.2,5.0,19.938,317.58106000000004
500,6,0.001,0.8,0.1,0.2,5.0,15.761,137.61308200000002
500,6,0.001,0.8,0.2,0.2,5.0,17.586,208.81557
500,6,0.001,0.8,0.3,0.2,5.0,19.97,321.26845000000003
500,6,0.001,0.75,0.1,0.2,5.0,15.779,138.618542
500,6,0.001,0.75,0.2,0.2,5.0,17.607,210.86219
500,6,0.001,0.75,0.3,0.2,5.0,20.001,325.24581
500,6,0.001,0.7,0.1,0.2,5.0,15.798,139.683705
500,6,0.001,0.7,0.2,0.2,5.0,17.626,213.06853
500,6,0.001,0.7,0.3,0.2,5.0,20.031,329.55309
500,6,0.0001,0.85,0.1,0.2,5.0,15.82,165.344539
500,6,0.0001,0.85,0.2,0.2,5.0,17.101,265.485887
500,6,0.0001,0.85,0.3,0.2,5.0,19.057,433.90025
500,6,0.0001,0.8,0.1,0.2,5.0,15.828,166.04222499999997
500,6,0.0001,0.8,0.2,0.2,5.0,17.113,267.33919000000003
500,6,0.0001,0.8,0.3,0.2,5.0,19.072,437.77159
500,6,0.0001,0.75,0.1,0.2,5.0,15.836,166.78968999999998
500,6,0.0001,0.75,0.2,0.2,5.0,17.134,269.39263459999995
500,6,0.0001,0.75,0.3,0.2,5.0,19.088,442.12473
500,6,0.0001,0.7,0.1,0.2,5.0,15.845,167.62687
500,6,0.0001,0.7,0.2,0.2,5.0,17.147,271.7562132
500,6,0.0001,0.7,0.3,0.2,5.0,19.103,447.08985
500,6,1e-05,0.85,0.1,0.2,5.0,15.803,228.49253
500,6,1e-05,0.85,0.2,0.2,5.0,16.906,456.21956
500,6,1e-05,0.85,0.3,0.2,5.0,18.864,824.3443000000001
500,6,1e-05,0.8,0.1,0.2,5.0,15.806,229.91157
500,6,1e-05,0.8,0.2,0.2,5.0,16.913,460.63898
500,6,1e-05,0.8,0.3,0.2,5.0,18.872,833.5462
500,6,1e-05,0.75,0.1,0.2,5.0,15.803,231.46052
500,6,1e-05,0.75,0.2,0.2,5.0,16.921,465.67841
500,6,1e-05,0.75,0.3,0.2,5.0,18.881,844.0986
500,6,1e-05,0.7,0.1,0.2,5.0,15.805,233.18936
500,6,1e-05,0.7,0.2,0.2,5.0,16.929,471.49787
500,6,1e-05,0.7,0.3,0.2,5.0,18.89,856.3616400000001
500,6,1e-06,0.85,0.1,0.2,5.0,15.816,620.2189199999999
500,6,1e-06,0.85,0.2,0.2,5.0,16.794,1861.25612
500,6,1e-06,0.85,0.3,0.2,5.0,18.78,3886.39378
500,6,1e-06,0.8,0.1,0.2,5.0,15.816,624.86856
500,6,1e-06,0.8,0.2,0.2,5.0,16.797,1875.75565
500,6,1e-06,0.8,0.3,0.2,5.0,18.784,3915.39331
500,6,1e-06,0.75,0.1,0.2,5.0,15.816,629.95816
500,6,1e-06,0.75,0.2,0.2,5.0,16.8,1891.75515
500,6,1e-06,0.75,0.3,0.2,5.0,18.788,3948.29281
500,6,1e-06,0.7,0.1,0.2,5.0,15.816,635.55773
500,6,1e-06,0.7,0.2,0.2,5.0,16.804,1910.35461
500,6,1e-06,0.7,0.3,0.2,5.0,18.795,3986.59227
500,20,0.001,0.85,0.1,0.2,5.0,23.5,136.67735100000002
500,20,0.001,0.85,0.2,0.2,5.0,26.331,206.8988
500,20,0.001,0.85,0.3,0.2,5.0,30.269,317.58106000000004
500,20,0.001,0.8,0.1,0.2,5.0,23.53,137.61308200000002
500,20,0.001,0.8,0.2,0.2,5.0,26.366,208.81557
500,20,0.001,0.8,0.3,0.2,5.0,30.309,321.26845000000003
500,20,0.001,0.75,0.1,0.2,5.0,23.562,138.618542
500,20,0.001,0.75,0.2,0.2,5.0,26.399,210.86219
500,20,0.001,0.75,0.3,0.2,5.0,30.347,325.24581
500,20,0.001,0.7,0.1,0.2,5.0,23.593,139.683705
500,20,0.001,0.7,0.2,0.2,5.0,26.43,213.06853
500,20,0.001,0.7,0.3,0.2,5.0,30.383,329.55309
500,20,0.0001,0.85,0.1,0.2,5.0,23.631,165.344539
500,20,0.0001,0.85,0.2,0.2,5.0,25.852,265.485887
500,20,0.0001,0.85,0.3,0.2,5.0,29.224,433.90025
500,20,0.0001,0.8,0.1,0.2,5.0,23.643,166.04222499999997
500,20,0.0001,0.8,0.2,0.2,5.0,25.872,267.33919000000003
500,20,0.0001,0.8,0.3,0.2,5.0,29.247,437.77159
500,20,0.0001,0.75,0.1,0.2,5.0,23.656,166.78968999999998
500,20,0.0001,0.75,0.2,0.2,5.0,25.892,269.4226352
500,20,0.0001,0.75,0.3,0.2,5.0,29.273,442.12473
500,20,0.0001,0.7,0.1,0.2,5.0,23.671,167.62687
500,20,0.0001,0.7,0.2,0.2,5.0,25.914,271.7762139
500,20,0.0001,0.7,0.3,0.2,5.0,29.301,447.08985
500,20,1e-05,0.85,0.1,0.2,5.0,23.687,228.49253
500,20,1e-05,0.85,0.2,0.2,5.0,25.822,456.21956
500,20,1e-05,0.85,0.3,0.2,5.0,29.676,824.3443000000001
500,20,1e-05,0.8,0.1,0.2,5.0,23.682,229.95157
500,20,1e-05,0.8,0.2,0.2,5.0,25.834,460.63898
500,20,1e-05,0.8,0.3,0.2,5.0,29.687,833.5462
500,20,1e-05,0.75,0.1,0.2,5.0,23.686,231.46052
500,20,1e-05,0.75,0.2,0.2,5.0,25.846,465.67841
500,20,1e-05,0.75,0.3,0.2,5.0,29.7,844.0986
500,20,1e-05,0.7,0.1,0.2,5.0,23.691,233.18936
500,20,1e-05,0.7,0.2,0.2,5.0,25.86,471.49787
500,20,1e-05,0.7,0.3,0.2,5.0,29.714,856.3616400000001
500,20,1e-06,0.85,0.1,0.2,5.0,23.722,620.2189199999999
500,20,1e-06,0.85,0.2,0.2,5.0,25.637,1861.25612
500,20,1e-06,0.85,0.3,0.2,5.0,29.692,3886.39378
500,20,1e-06,0.8,0.1,0.2,5.0,23.724,624.86856
500,20,1e-06,0.8,0.2,0.2,5.0,25.642,1875.75565
500,20,1e-06,0.8,0.3,0.2,5.0,29.698,3915.39331
500,20,1e-06,0.75,0.1,0.2,5.0,23.724,629.95816
500,20,1e-06,0.75,0.2,0.2,5.0,25.647,1891.75515
500,20,1e-06,0.75,0.3,0.2,5.0,29.705,3948.29281
500,20,1e-06,0.7,0.1,0.2,5.0,23.725,635.55773
500,20,1e-06,0.7,0.2,0.2,5.0,25.653,1910.35461
500,20,1e-06,0.7,0.3,0.2,5.0,29.719,3986.59227
500,50,0.001,0.85,0.1,0.2,5.0,32.094,136.67735000000002
500,50,0.001,0.85,0.2,0.2,5.0,36.022,206.8988
500,50,0.001,0.85,0.3,0.2,5.0,41.698,317.58106000000004
500,50,0.001,0.8,0.1,0.2,5.0,32.135,137.613081
500,50,0.001,0.8,0.2,0.2,5.0,36.062,208.81557
500,50,0.001,0.8,0.3,0.2,5.0,41.753,321.26845000000003
500,50,0.001,0.75,0.1,0.2,5.0,32.178,138.61854
500,50,0.001,0.75,0.2,0.2,5.0,36.1,210.86219
500,50,0.001,0.75,0.3,0.2,5.0,41.806,325.24581
500,50,0.001,0.7,0.1,0.2,5.0,32.223,139.68370399999998
500,50,0.001,0.7,0.2,0.2,5.0,36.134,213.06853
500,50,0.001,0.7,0.3,0.2,5.0,41.855,329.55309
500,50,0.0001,0.85,0.1,0.2,5.0,32.955,165.344539
500,50,0.0001,0.85,0.2,0.2,5.0,36.656,265.485887
500,50,0.0001,0.85,0.3,0.2,5.0,41.021,433.92026
500,50,0.0001,0.8,0.1,0.2,5.0,32.971,166.04222499999997
500,50,0.0001,0.8,0.2,0.2,5.0,36.682,267.33919000000003
500,50,0.0001,0.8,0.3,0.2,5.0,41.058,437.79161
500,50,0.0001,0.75,0.1,0.2,5.0,32.989,166.78968999999998
500,50,0.0001,0.75,0.2,0.2,5.0,36.709,269.4226352
500,50,0.0001,0.75,0.3,0.2,5.0,41.097,442.14474
500,50,0.0001,0.7,0.1,0.2,5.0,33.008,167.62687
500,50,0.0001,0.7,0.2,0.2,5.0,36.741,271.7762139
500,50,0.0001,0.7,0.3,0.2,5.0,41.141,447.11986
500,50,1e-05,0.85,0.1,0.2,5.0,33.132,228.54253
500,50,1e-05,0.85,0.2,0.2,5.0,37.111,456.21956
500,50,1e-05,0.85,0.3,0.2,5.0,43.589,824.4543100000001
500,50,1e-05,0.8,0.1,0.2,5.0,33.18,229.98157
500,50,1e-05,0.8,0.2,0.2,5.0,37.127,460.63898
500,50,1e-05,0.8,0.3,0.2,5.0,43.604,833.65621
500,50,1e-05,0.75,0.1,0.2,5.0,33.186,231.49052
500,50,1e-05,0.75,0.2,0.2,5.0,37.144,465.67841
500,50,1e-05,0.75,0.3,0.2,5.0,43.616,844.21861
500,50,1e-05,0.7,0.1,0.2,5.0,33.193,233.20936
500,50,1e-05,0.7,0.2,0.2,5.0,37.163,471.49787
500,50,1e-05,0.7,0.3,0.2,5.0,43.629,856.4816500000001
500,50,1e-06,0.85,0.1,0.2,5.0,33.377,620.2189199999999
500,50,1e-06,0.85,0.2,0.2,5.0,37.011,1861.25612
500,50,1e-06,0.85,0.3,0.2,5.0,43.813,3886.39379
500,50,1e-06,0.8,0.1,0.2,5.0,33.375,624.86856
500,50,1e-06,0.8,0.2,0.2,5.0,37.019,1875.75565
500,50,1e-06,0.8,0.3,0.2,5.0,43.819,3915.39332
500,50,1e-06,0.75,0.1,0.2,5.0,33.376,629.95816
500,50,1e-06,0.75,0.2,0.2,5.0,37.027,1891.75515
500,50,1e-06,0.75,0.3,0.2,5.0,43.81,3948.29281
500,50,1e-06,0.7,0.1,0.2,5.0,33.377,635.55773
500,50,1e-06,0.7,0.2,0.2,5.0,37.036,1910.35461
500,50,1e-06,0.7,0.3,0.2,5.0,43.838,3986.59228
25,3,0.001,0.85,0.1,0.3,4.0,6.596,4.9808637
25,3,0.001,0.85,0.2,0.3,4.0,7.1411,7.39498
25,3,0.001,0.85,0.3,0.3,4.0,7.7713,11.3540105
25,3,0.001,0.8,0.1,0.3,4.0,6.6012,5.000652199999999
25,3,0.001,0.8,0.2,0.3,4.0,7.1483,7.4352897
25,3,0.001,0.8,0.3,0.3,4.0,7.7793,11.427614
25,3,0.001,0.75,0.1,0.3,4.0,6.6065,5.0215171
25,3,0.001,0.75,0.2,0.3,4.0,7.1558,7.4781642
25,3,0.001,0.75,0.3,0.3,4.0,7.7879,11.5061818
25,3,0.001,0.7,0.1,0.3,4.0,6.6122,5.0436555
25,3,0.001,0.7,0.2,0.3,4.0,7.1638,7.5238987
25,3,0.001,0.7,0.3,0.3,4.0,7.7971,11.5917096
25,3,0.0001,0.85,0.1,0.3,4.0,6.9257,6.371586099999999
25,3,0.0001,0.85,0.2,0.3,4.0,7.5904,10.2037
25,3,0.0001,0.85,0.3,0.3,4.0,8.4748,17.292662
25,3,0.0001,0.8,0.1,0.3,4.0,6.9287,6.3860633
25,3,0.0001,0.8,0.2,0.3,4.0,7.5943,10.232414
25,3,0.0001,0.8,0.3,0.3,4.0,8.4798,17.346317000000003
25,3,0.0001,0.75,0.1,0.3,4.0,6.9319,6.4013175
25,3,0.0001,0.75,0.2,0.3,4.0,7.5984,10.262098
25,3,0.0001,0.75,0.3,0.3,4.0,8.4849,17.404936
25,3,0.0001,0.7,0.1,0.3,4.0,6.9352,6.4174447
25,3,0.0001,0.7,0.2,0.3,4.0,7.6026,10.293749
25,3,0.0001,0.7,0.3,0.3,4.0,8.4903,17.466514
25,3,1e-05,0.85,0.1,0.3,4.0,7.0165,8.853062
25,3,1e-05,0.85,0.2,0.3,4.0,7.7194,17.990347
25,3,1e-05,0.85,0.3,0.3,4.0,8.6776,33.894278
25,3,1e-05,0.8,0.1,0.3,4.0,7.0176,8.866083999999999
25,3,1e-05,0.8,0.2,0.3,4.0,7.7208,18.020228
25,3,1e-05,0.8,0.3,0.3,4.0,8.6795,33.950127
25,3,1e-05,0.75,0.1,0.3,4.0,7.0187,8.8804
25,3,1e-05,0.75,0.2,0.3,4.0,7.7223,18.053098
25,3,1e-05,0.75,0.3,0.3,4.0,8.6814,34.013960999999995
25,3,1e-05,0.7,0.1,0.3,4.0,7.0199,8.896307
25,3,1e-05,0.7,0.2,0.3,4.0,7.7238,18.090955
25,3,1e-05,0.7,0.3,0.3,4.0,8.6834,34.08478
25,3,1e-06,0.85,0.1,0.3,4.0,7.0454,26.831896
25,3,1e-06,0.85,0.2,0.3,4.0,7.7584,83.631374
25,3,1e-06,0.85,0.3,0.3,4.0,8.7357,177.18879900000002
25,3,1e-06,0.8,0.1,0.3,4.0,7.0456,26.893863
25,3,1e-06,0.8,0.2,0.3,4.0,7.7587,83.754333
25,3,1e-06,0.8,0.3,0.3,4.0,8.736,177.37875
25,3,1e-06,0.75,0.1,0.3,4.0,7.0458,26.960829
25,3,1e-06,0.75,0.2,0.3,4.0,7.759,83.890288
25,3,1e-06,0.75,0.3,0.3,4.0,8.7364,177.59869600000002
25,3,1e-06,0.7,0.1,0.3,4.0,7.0461,27.035791
25,3,1e-06,0.7,0.2,0.3,4.0,7.7593,84.04223900000001
25,3,1e-06,0.7,0.3,0.3,4.0,8.7367,177.838637
25,6,0.001,0.85,0.1,0.3,4.0,7.3202,4.9808637
25,6,0.001,0.85,0.2,0.3,4.0,7.9426,7.39498
25,6,0.001,0.85,0.3,0.3,4.0,8.6581,11.3540105
25,6,0.001,0.8,0.1,0.3,4.0,7.3257,5.000652199999999
25,6,0.001,0.8,0.2,0.3,4.0,7.9505,7.4352897
25,6,0.001,0.8,0.3,0.3,4.0,8.6672,11.427614
25,6,0.001,0.75,0.1,0.3,4.0,7.3315,5.0215171
25,6,0.001,0.75,0.2,0.3,4.0,7.9588,7.4781642
25,6,0.001,0.75,0.3,0.3,4.0,8.6769,11.5061818
25,6,0.001,0.7,0.1,0.3,4.0,7.3376,5.0436555
25,6,0.001,0.7,0.2,0.3,4.0,7.9676,7.5238987
25,6,0.001,0.7,0.3,0.3,4.0,8.6874,11.5917096
25,6,0.0001,0.85,0.1,0.3,4.0,7.6604,6.371586099999999
25,6,0.0001,0.85,0.2,0.3,4.0,8.4015,10.2037
25,6,0.0001,0.85,0.3,0.3,4.0,9.3762,17.292662
25,6,0.0001,0.8,0.1,0.3,4.0,7.6636,6.3860633
25,6,0.0001,0.8,0.2,0.3,4.0,8.4056,10.232414
25,6,0.0001,0.8,0.3,0.3,4.0,9.3815,17.346317000000003
25,6,0.0001,0.75,0.1,0.3,4.0,7.6669,6.4013175
25,6,0.0001,0.75,0.2,0.3,4.0,8.4099,10.262098
25,6,0.0001,0.75,0.3,0.3,4.0,9.387,17.404936
25,6,0.0001,0.7,0.1,0.3,4.0,7.6704,6.4174447
25,6,0.0001,0.7,0.2,0.3,4.0,8.4143,10.293749
25,6,0.0001,0.7,0.3,0.3,4.0,9.3927,17.466514
25,6,1e-05,0.85,0.1,0.3,4.0,7.7542,8.853062
25,6,1e-05,0.85,0.2,0.3,4.0,8.533,17.990347
25,6,1e-05,0.85,0.3,0.3,4.0,9.5805,33.894278
25,6,1e-05,0.8,0.1,0.3,4.0,7.7553,8.866083999999999
25,6,1e-05,0.8,0.2,0.3,4.0,8.5345,18.020228
25,6,1e-05,0.8,0.3,0.3,4.0,9.5824,33.950127
25,6,1e-05,0.75,0.1,0.3,4.0,7.7565,8.8804
25,6,1e-05,0.75,0.2,0.3,4.0,8.536,18.053098
25,6,1e-05,0.75,0.3,0.3,4.0,9.5844,34.013960999999995
25,6,1e-05,0.7,0.1,0.3,4.0,7.7577,8.896307
25,6,1e-05,0.7,0.2,0.3,4.0,8.5376,18.090955
25,6,1e-05,0.7,0.3,0.3,4.0,9.5865,34.08478
25,6,1e-06,0.85,0.1,0.3,4.0,7.784,26.831896
25,6,1e-06,0.85,0.2,0.3,4.0,8.573,83.631374
25,6,1e-06,0.85,0.3,0.3,4.0,9.6395,177.18879900000002
25,6,1e-06,0.8,0.1,0.3,4.0,7.7843,26.893863
25,6,1e-06,0.8,0.2,0.3,4.0,8.5733,83.754333
25,6,1e-06,0.8,0.3,0.3,4.0,9.6398,177.37875
25,6,1e-06,0.75,0.1,0.3,4.0,7.7845,26.960829
25,6,1e-06,0.75,0.2,0.3,4.0,8.5736,83.890288
25,6,1e-06,0.75,0.3,0.3,4.0,9.6401,177.59869600000002
25,6,1e-06,0.7,0.1,0.3,4.0,7.7847,27.035791
25,6,1e-06,0.7,0.2,0.3,4.0,8.5739,84.04223900000001
25,6,1e-06,0.7,0.3,0.3,4.0,9.6405,177.838637
25,20,0.001,0.85,0.1,0.3,4.0,9.5687,4.9808637
25,20,0.001,0.85,0.2,0.3,4.0,10.331,7.39498
25,20,0.001,0.85,0.3,0.3,4.0,11.229,11.3540105
25,20,0.001,0.8,0.1,0.3,4.0,9.5753,5.000652199999999
25,20,0.001,0.8,0.2,0.3,4.0,10.341,7.4352897
25,20,0.001,0.8,0.3,0.3,4.0,11.24,11.427614
25,20,0.001,0.75,0.1,0.3,4.0,9.5823,5.0215171
25,20,0.001,0.75,0.2,0.3,4.0,10.351,7.4781642
25,20,0.001,0.75,0.3,0.3,4.0,11.252,11.5061818
25,20,0.001,0.7,0.1,0.3,4.0,9.5895,5.0436555
25,20,0.001,0.7,0.2,0.3,4.0,10.361,7.5238987
25,20,0.001,0.7,0.3,0.3,4.0,11.265,11.5917096
25,20,0.0001,0.85,0.1,0.3,4.0,9.9593,6.371586099999999
25,20,0.0001,0.85,0.2,0.3,4.0,10.839,10.2037
25,20,0.0001,0.85,0.3,0.3,4.0,11.99,17.292662
25,20,0.0001,0.8,0.1,0.3,4.0,9.963,6.3860633
25,20,0.0001,0.8,0.2,0.3,4.0,10.844,10.232414
25,20,0.0001,0.8,0.3,0.3,4.0,11.996,17.346317000000003
25,20,0.0001,0.75,0.1,0.3,4.0,9.9669,6.4013175
25,20,0.0001,0.75,0.2,0.3,4.0,10.849,10.262098
25,20,0.0001,0.75,0.3,0.3,4.0,12.003,17.404936
25,20,0.0001,0.7,0.1,0.3,4.0,9.9709,6.4174447
25,20,0.0001,0.7,0.2,0.3,4.0,10.854,10.293749
25,20,0.0001,0.7,0.3,0.3,4.0,12.009,17.466514
25,20,1e-05,0.85,0.1,0.3,4.0,10.067,8.853062
25,20,1e-05,0.85,0.2,0.3,4.0,10.985,17.990347
25,20,1e-05,0.85,0.3,0.3,4.0,12.207,33.894278
25,20,1e-05,0.8,0.1,0.3,4.0,10.068,8.866083999999999
25,20,1e-05,0.8,0.2,0.3,4.0,10.987,18.020228
25,20,1e-05,0.8,0.3,0.3,4.0,12.209,33.950127
25,20,1e-05,0.75,0.1,0.3,4.0,10.07,8.8804
25,20,1e-05,0.75,0.2,0.3,4.0,10.989,18.053098
25,20,1e-05,0.75,0.3,0.3,4.0,12.211,34.013960999999995
25,20,1e-05,0.7,0.1,0.3,4.0,10.071,8.896307
25,20,1e-05,0.7,0.2,0.3,4.0,10.99,18.090955
25,20,1e-05,0.7,0.3,0.3,4.0,12.214,34.08478
25,20,1e-06,0.85,0.1,0.3,4.0,10.101,26.831896
25,20,1e-06,0.85,0.2,0.3,4.0,11.03,83.631374
25,20,1e-06,0.85,0.3,0.3,4.0,12.271,177.18879900000002
25,20,1e-06,0.8,0.1,0.3,4.0,10.102,26.893863
25,20,1e-06,0.8,0.2,0.3,4.0,11.03,83.754333
25,20,1e-06,0.8,0.3,0.3,4.0,12.271,177.37875
25,20,1e-06,0.75,0.1,0.3,4.0,10.102,26.960829
25,20,1e-06,0.75,0.2,0.3,4.0,11.03,83.890288
25,20,1e-06,0.75,0.3,0.3,4.0,12.271,177.59869600000002
25,20,1e-06,0.7,0.1,0.3,4.0,10.102,27.035791
25,20,1e-06,0.7,0.2,0.3,4.0,11.031,84.04223900000001
25,20,1e-06,0.7,0.3,0.3,4.0,12.272,177.838637
25,50,0.001,0.85,0.1,0.3,4.0,12.399,4.9808637
25,50,0.001,0.85,0.2,0.3,4.0,13.348,7.39498
25,50,0.001,0.85,0.3,0.3,4.0,14.484,11.3540105
25,50,0.001,0.8,0.1,0.3,4.0,12.407,5.000652199999999
25,50,0.001,0.8,0.2,0.3,4.0,13.36,7.4352897
25,50,0.001,0.8,0.3,0.3,4.0,14.499,11.427614
25,50,0.001,0.75,0.1,0.3,4.0,12.416,5.0215171
25,50,0.001,0.75,0.2,0.3,4.0,13.373,7.4781642
25,50,0.001,0.75,0.3,0.3,4.0,14.514,11.5061818
25,50,0.001,0.7,0.1,0.3,4.0,12.425,5.0436555
25,50,0.001,0.7,0.2,0.3,4.0,13.387,7.5238987
25,50,0.001,0.7,0.3,0.3,4.0,14.531,11.5917096
25,50,0.0001,0.85,0.1,0.3,4.0,12.878,6.371586099999999
25,50,0.0001,0.85,0.2,0.3,4.0,13.971,10.2037
25,50,0.0001,0.85,0.3,0.3,4.0,15.399,17.292662
25,50,0.0001,0.8,0.1,0.3,4.0,12.883,6.3860633
25,50,0.0001,0.8,0.2,0.3,4.0,13.977,10.232414
25,50,0.0001,0.8,0.3,0.3,4.0,15.407,17.346317000000003
25,50,0.0001,0.75,0.1,0.3,4.0,12.888,6.4013175
25,50,0.0001,0.75,0.2,0.3,4.0,13.983,10.262098
25,50,0.0001,0.75,0.3,0.3,4.0,15.415,17.404936
25,50,0.0001,0.7,0.1,0.3,4.0,12.893,6.4174447
25,50,0.0001,0.7,0.2,0.3,4.0,13.989,10.293749
25,50,0.0001,0.7,0.3,0.3,4.0,15.423,17.466514
25,50,1e-05,0.85,0.1,0.3,4.0,13.01,8.853062
25,50,1e-05,0.85,0.2,0.3,4.0,14.148,17.990347
25,50,1e-05,0.85,0.3,0.3,4.0,15.658,33.894278
25,50,1e-05,0.8,0.1,0.3,4.0,13.011,8.866083999999999
25,50,1e-05,0.8,0.2,0.3,4.0,14.15,18.020228
25,50,1e-05,0.8,0.3,0.3,4.0,15.66,33.950127
25,50,1e-05,0.75,0.1,0.3,4.0,13.013,8.8804
25,50,1e-05,0.75,0.2,0.3,4.0,14.152,18.053098
25,50,1e-05,0.75,0.3,0.3,4.0,15.663,34.013960999999995
25,50,1e-05,0.7,0.1,0.3,4.0,13.015,8.896307
25,50,1e-05,0.7,0.2,0.3,4.0,14.154,18.090955
25,50,1e-05,0.7,0.3,0.3,4.0,15.666,34.08478
25,50,1e-06,0.85,0.1,0.3,4.0,13.052,26.831896
25,50,1e-06,0.85,0.2,0.3,4.0,14.202,83.631374
25,50,1e-06,0.85,0.3,0.3,4.0,15.734,177.18879900000002
25,50,1e-06,0.8,0.1,0.3,4.0,13.052,26.893863
25,50,1e-06,0.8,0.2,0.3,4.0,14.202,83.754333
25,50,1e-06,0.8,0.3,0.3,4.0,15.734,177.37875
25,50,1e-06,0.75,0.1,0.3,4.0,13.053,26.960829
25,50,1e-06,0.75,0.2,0.3,4.0,14.203,83.890288
25,50,1e-06,0.75,0.3,0.3,4.0,15.735,177.59869600000002
25,50,1e-06,0.7,0.1,0.3,4.0,13.053,27.035791
25,50,1e-06,0.7,0.2,0.3,4.0,14.203,84.04223900000001
25,50,1e-06,0.7,0.3,0.3,4.0,15.735,177.838637
100,3,0.001,0.85,0.1,0.3,4.0,8.0586,23.200536
100,3,0.001,0.85,0.2,0.3,4.0,8.8292,34.714384
100,3,0.001,0.85,0.3,0.3,4.0,9.8577,54.018773
100,3,0.001,0.8,0.1,0.3,4.0,8.0677,23.323524000000003
100,3,0.001,0.8,0.2,0.3,4.0,8.8428,34.962416
100,3,0.001,0.8,0.3,0.3,4.0,9.876,54.516073
100,3,0.001,0.75,0.1,0.3,4.0,8.0771,23.454444
100,3,0.001,0.75,0.2,0.3,4.0,8.8569,35.227382000000006
100,3,0.001,0.75,0.3,0.3,4.0,9.8948,55.051341
100,3,0.001,0.7,0.1,0.3,4.0,8.087,23.596289
100,3,0.001,0.7,0.2,0.3,4.0,8.8715,35.513276000000005
100,3,0.001,0.7,0.3,0.3,4.0,9.9143,55.630577
100,3,0.0001,0.85,0.1,0.3,4.0,8.3066,29.115299
100,3,0.0001,0.85,0.2,0.3,4.0,9.0658,46.618676
100,3,0.0001,0.85,0.3,0.3,4.0,10.126,78.787896
100,3,0.0001,0.8,0.1,0.3,4.0,8.3103,29.18963
100,3,0.0001,0.8,0.2,0.3,4.0,9.0712,46.782003
100,3,0.0001,0.8,0.3,0.3,4.0,10.133,79.12296400000001
100,3,0.0001,0.75,0.1,0.3,4.0,8.3141,29.267895000000003
100,3,0.0001,0.75,0.2,0.3,4.0,9.0768,46.958266
100,3,0.0001,0.75,0.3,0.3,4.0,10.141,79.487059
100,3,0.0001,0.7,0.1,0.3,4.0,8.3181,29.352083
100,3,0.0001,0.7,0.2,0.3,4.0,9.0827,47.151452
100,3,0.0001,0.7,0.3,0.3,4.0,10.15,79.887184
100,3,1e-05,0.85,0.1,0.3,4.0,8.3783,39.589822
100,3,1e-05,0.85,0.2,0.3,4.0,9.1422,79.15656700000001
100,3,1e-05,0.85,0.3,0.3,4.0,10.211,147.671662
100,3,1e-05,0.8,0.1,0.3,4.0,8.3795,39.684588
100,3,1e-05,0.8,0.2,0.3,4.0,9.1439,79.421225
100,3,1e-05,0.8,0.3,0.3,4.0,10.214,148.201294
100,3,1e-05,0.75,0.1,0.3,4.0,8.3807,39.789331
100,3,1e-05,0.75,0.2,0.3,4.0,9.1457,79.72185300000001
100,3,1e-05,0.75,0.3,0.3,4.0,10.216,148.80089700000002
100,3,1e-05,0.7,0.1,0.3,4.0,8.3819,39.909048
100,3,1e-05,0.7,0.2,0.3,4.0,9.1476,80.068444
100,3,1e-05,0.7,0.3,0.3,4.0,10.219,149.490466
100,3,1e-06,0.85,0.1,0.3,4.0,8.404,112.242402
100,3,1e-06,0.85,0.2,0.3,4.0,9.1701,344.341398
100,3,1e-06,0.85,0.3,0.3,4.0,10.244,726.591266
100,3,1e-06,0.8,0.1,0.3,4.0,8.4042,112.572304
100,3,1e-06,0.8,0.2,0.3,4.0,9.1704,345.191277
100,3,1e-06,0.8,0.3,0.3,4.0,10.245,728.1611320000001
100,3,1e-06,0.75,0.1,0.3,4.0,8.4044,112.942198
100,3,1e-06,0.75,0.2,0.3,4.0,9.1708,346.16114600000003
100,3,1e-06,0.75,0.3,0.3,4.0,10.246,729.9609879999999
100,3,1e-06,0.7,0.1,0.3,4.0,8.4046,113.362083
100,3,1e-06,0.7,0.2,0.3,4.0,9.1712,347.271005
100,3,1e-06,0.7,0.3,0.3,4.0,10.246,732.05083
100,6,0.001,0.85,0.1,0.3,4.0,9.5302,23.200536
100,6,0.001,0.85,0.2,0.3,4.0,10.418,34.714384
100,6,0.001,0.85,0.3,0.3,4.0,11.614,54.018773
100,6,0.001,0.8,0.1,0.3,4.0,9.5407,23.323524000000003
100,6,0.001,0.8,0.2,0.3,4.0,10.434,34.962416
100,6,0.001,0.8,0.3,0.3,4.0,11.634,54.516073
100,6,0.001,0.75,0.1,0.3,4.0,9.5516,23.454444
100,6,0.001,0.75,0.2,0.3,4.0,10.45,35.227382000000006
100,6,0.001,0.75,0.3,0.3,4.0,11.655,55.051341
100,6,0.001,0.7,0.1,0.3,4.0,9.5629,23.596289
100,6,0.001,0.7,0.2,0.3,4.0,10.467,35.513276000000005
100,6,0.001,0.7,0.3,0.3,4.0,11.677,55.630577
100,6,0.0001,0.85,0.1,0.3,4.0,9.7951,29.115299
100,6,0.0001,0.85,0.2,0.3,4.0,10.641,46.618676
100,6,0.0001,0.85,0.3,0.3,4.0,11.828,78.787896
100,6,0.0001,0.8,0.1,0.3,4.0,9.7993,29.18963
100,6,0.0001,0.8,0.2,0.3,4.0,10.647,46.782003
100,6,0.0001,0.8,0.3,0.3,4.0,11.837,79.12296400000001
100,6,0.0001,0.75,0.1,0.3,4.0,9.8037,29.267895000000003
100,6,0.0001,0.75,0.2,0.3,4.0,10.654,46.958266
100,6,0.0001,0.75,0.3,0.3,4.0,11.846,79.487059
100,6,0.0001,0.7,0.1,0.3,4.0,9.8083,29.352083
100,6,0.0001,0.7,0.2,0.3,4.0,10.661,47.151452
100,6,0.0001,0.7,0.3,0.3,4.0,11.856,79.887184
100,6,1e-05,0.85,0.1,0.3,4.0,9.871,39.589822
100,6,1e-05,0.85,0.2,0.3,4.0,10.715,79.15656700000001
100,6,1e-05,0.85,0.3,0.3,4.0,11.895,147.671662
100,6,1e-05,0.8,0.1,0.3,4.0,9.8723,39.684588
100,6,1e-05,0.8,0.2,0.3,4.0,10.717,79.421225
100,6,1e-05,0.8,0.3,0.3,4.0,11.898,148.201294
100,6,1e-05,0.75,0.1,0.3,4.0,9.8736,39.789331
100,6,1e-05,0.75,0.2,0.3,4.0,10.719,79.72185300000001
100,6,1e-05,0.75,0.3,0.3,4.0,11.902,148.80089700000002
100,6,1e-05,0.7,0.1,0.3,4.0,9.875,39.909048
100,6,1e-05,0.7,0.2,0.3,4.0,10.721,80.068444
100,6,1e-05,0.7,0.3,0.3,4.0,11.905,149.490466
100,6,1e-06,0.85,0.1,0.3,4.0,9.899,112.242402
100,6,1e-06,0.85,0.2,0.3,4.0,10.743,344.341398
100,6,1e-06,0.85,0.3,0.3,4.0,11.927,726.591266
100,6,1e-06,0.8,0.1,0.3,4.0,9.8992,112.572304
100,6,1e-06,0.8,0.2,0.3,4.0,10.744,345.191277
100,6,1e-06,0.8,0.3,0.3,4.0,11.928,728.1611320000001
100,6,1e-06,0.75,0.1,0.3,4.0,9.8994,112.942198
100,6,1e-06,0.75,0.2,0.3,4.0,10.744,346.16114600000003
100,6,1e-06,0.75,0.3,0.3,4.0,11.928,729.9609879999999
100,6,1e-06,0.7,0.1,0.3,4.0,9.8996,113.362083
100,6,1e-06,0.7,0.2,0.3,4.0,10.745,347.271005
100,6,1e-06,0.7,0.3,0.3,4.0,11.929,732.05083
100,20,0.001,0.85,0.1,0.3,4.0,13.424,23.200536
100,20,0.001,0.85,0.2,0.3,4.0,14.69,34.714384
100,20,0.001,0.85,0.3,0.3,4.0,16.427,54.018773
100,20,0.001,0.8,0.1,0.3,4.0,13.44,23.323524000000003
100,20,0.001,0.8,0.2,0.3,4.0,14.713,34.962416
100,20,0.001,0.8,0.3,0.3,4.0,16.456,54.516073
100,20,0.001,0.75,0.1,0.3,4.0,13.455,23.454444
100,20,0.001,0.75,0.2,0.3,4.0,14.736,35.227382000000006
100,20,0.001,0.75,0.3,0.3,4.0,16.486,55.051341
100,20,0.001,0.7,0.1,0.3,4.0,13.471,23.596289
100,20,0.001,0.7,0.2,0.3,4.0,14.76,35.513276000000005
100,20,0.001,0.7,0.3,0.3,4.0,16.515,55.630577
100,20,0.0001,0.85,0.1,0.3,4.0,13.763,29.115299
100,20,0.0001,0.85,0.2,0.3,4.0,14.922,46.618676
100,20,0.0001,0.85,0.3,0.3,4.0,16.55,78.787896
100,20,0.0001,0.8,0.1,0.3,4.0,13.769,29.18963
100,20,0.0001,0.8,0.2,0.3,4.0,14.931,46.782003
100,20,0.0001,0.8,0.3,0.3,4.0,16.563,79.12296400000001
100,20,0.0001,0.75,0.1,0.3,4.0,13.775,29.267895000000003
100,20,0.0001,0.75,0.2,0.3,4.0,14.94,46.958266
100,20,0.0001,0.75,0.3,0.3,4.0,16.576,79.487059
100,20,0.0001,0.7,0.1,0.3,4.0,13.782,29.352083
100,20,0.0001,0.7,0.2,0.3,4.0,14.95,47.151452
100,20,0.0001,0.7,0.3,0.3,4.0,16.591,79.887184
100,20,1e-05,0.85,0.1,0.3,4.0,13.86,39.589822
100,20,1e-05,0.85,0.2,0.3,4.0,15.005,79.15656700000001
100,20,1e-05,0.85,0.3,0.3,4.0,16.601,147.671662
100,20,1e-05,0.8,0.1,0.3,4.0,13.861,39.684588
100,20,1e-05,0.8,0.2,0.3,4.0,15.008,79.421225
100,20,1e-05,0.8,0.3,0.3,4.0,16.605,148.201294
100,20,1e-05,0.75,0.1,0.3,4.0,13.863,39.789331
100,20,1e-05,0.75,0.2,0.3,4.0,15.011,79.72185300000001
100,20,1e-05,0.75,0.3,0.3,4.0,16.61,148.80089700000002
100,20,1e-05,0.7,0.1,0.3,4.0,13.865,39.909048
100,20,1e-05,0.7,0.2,0.3,4.0,15.014,80.068444
100,20,1e-05,0.7,0.3,0.3,4.0,16.614,149.490466
100,20,1e-06,0.85,0.1,0.3,4.0,13.897,112.242402
100,20,1e-06,0.85,0.2,0.3,4.0,15.041,344.341398
100,20,1e-06,0.85,0.3,0.3,4.0,16.638,726.591266
100,20,1e-06,0.8,0.1,0.3,4.0,13.897,112.572304
100,20,1e-06,0.8,0.2,0.3,4.0,15.042,345.191277
100,20,1e-06,0.8,0.3,0.3,4.0,16.639,728.1611320000001
100,20,1e-06,0.75,0.1,0.3,4.0,13.897,112.942198
100,20,1e-06,0.75,0.2,0.3,4.0,15.042,346.16114600000003
100,20,1e-06,0.75,0.3,0.3,4.0,16.64,729.9609879999999
100,20,1e-06,0.7,0.1,0.3,4.0,13.898,113.362083
100,20,1e-06,0.7,0.2,0.3,4.0,15.043,347.271005
100,20,1e-06,0.7,0.3,0.3,4.0,16.641,732.05083
100,50,0.001,0.85,0.1,0.3,4.0,17.881,23.200536
100,50,0.001,0.85,0.2,0.3,4.0,19.632,34.714384
100,50,0.001,0.85,0.3,0.3,4.0,22.078,54.018773
100,50,0.001,0.8,0.1,0.3,4.0,17.901,23.323524000000003
100,50,0.001,0.8,0.2,0.3,4.0,19.663,34.962416
100,50,0.001,0.8,0.3,0.3,4.0,22.119,54.516073
100,50,0.001,0.75,0.1,0.3,4.0,17.923,23.454444
100,50,0.001,0.75,0.2,0.3,4.0,19.696,35.227382000000006
100,50,0.001,0.75,0.3,0.3,4.0,22.16,55.051341
100,50,0.001,0.7,0.1,0.3,4.0,17.945,23.596289
100,50,0.001,0.7,0.2,0.3,4.0,19.729,35.513276000000005
100,50,0.001,0.7,0.3,0.3,4.0,22.202,55.630577
100,50,0.0001,0.85,0.1,0.3,4.0,18.321,29.115299
100,50,0.0001,0.85,0.2,0.3,4.0,19.886,46.618676
100,50,0.0001,0.85,0.3,0.3,4.0,22.136,78.787896
100,50,0.0001,0.8,0.1,0.3,4.0,18.329,29.18963
100,50,0.0001,0.8,0.2,0.3,4.0,19.898,46.782003
100,50,0.0001,0.8,0.3,0.3,4.0,22.154,79.12296400000001
100,50,0.0001,0.75,0.1,0.3,4.0,18.338,29.267895000000003
100,50,0.0001,0.75,0.2,0.3,4.0,19.911,46.958266
100,50,0.0001,0.75,0.3,0.3,4.0,22.173,79.487059
100,50,0.0001,0.7,0.1,0.3,4.0,18.347,29.352083
100,50,0.0001,0.7,0.2,0.3,4.0,19.924,47.151452
100,50,0.0001,0.7,0.3,0.3,4.0,22.192,79.887184
100,50,1e-05,0.85,0.1,0.3,4.0,18.449,39.589822
100,50,1e-05,0.85,0.2,0.3,4.0,19.985,79.15656700000001
100,50,1e-05,0.85,0.3,0.3,4.0,22.169,147.671662
100,50,1e-05,0.8,0.1,0.3,4.0,18.451,39.684588
100,50,1e-05,0.8,0.2,0.3,4.0,19.989,79.421225
100,50,1e-05,0.8,0.3,0.3,4.0,22.174,148.201294
100,50,1e-05,0.75,0.1,0.3,4.0,18.454,39.789331
100,50,1e-05,0.75,0.2,0.3,4.0,19.993,79.72185300000001
100,50,1e-05,0.75,0.3,0.3,4.0,22.18,148.80089700000002
100,50,1e-05,0.7,0.1,0.3,4.0,18.457,39.909048
100,50,1e-05,0.7,0.2,0.3,4.0,19.997,80.068444
100,50,1e-05,0.7,0.3,0.3,4.0,22.187,149.490466
100,50,1e-06,0.85,0.1,0.3,4.0,18.499,112.242402
100,50,1e-06,0.85,0.2,0.3,4.0,20.033,344.341398
100,50,1e-06,0.85,0.3,0.3,4.0,22.212,726.591266
100,50,1e-06,0.8,0.1,0.3,4.0,18.5,112.572304
100,50,1e-06,0.8,0.2,0.3,4.0,20.034,345.191277
100,50,1e-06,0.8,0.3,0.3,4.0,22.213,728.1611320000001
100,50,1e-06,0.75,0.1,0.3,4.0,18.5,112.942198
100,50,1e-06,0.75,0.2,0.3,4.0,20.035,346.16114600000003
100,50,1e-06,0.75,0.3,0.3,4.0,22.214,729.9609879999999
100,50,1e-06,0.7,0.1,0.3,4.0,18.5,113.362083
100,50,1e-06,0.7,0.2,0.3,4.0,20.035,347.271005
100,50,1e-06,0.7,0.3,0.3,4.0,22.216,732.05083
250,3,0.001,0.85,0.1,0.3,4.0,9.7418,74.877079
250,3,0.001,0.85,0.2,0.3,4.0,10.665,112.536237
250,3,0.001,0.85,0.3,0.3,4.0,12.244,176.502599
250,3,0.001,0.8,0.1,0.3,4.0,9.7538,75.36948600000001
250,3,0.001,0.8,0.2,0.3,4.0,10.681,113.534491
250,3,0.001,0.8,0.3,0.3,4.0,12.264,178.461943
250,3,0.001,0.75,0.1,0.3,4.0,9.7665,75.897724
250,3,0.001,0.75,0.2,0.3,4.0,10.698,114.592663
250,3,0.001,0.75,0.3,0.3,4.0,12.282,180.571313
250,3,0.001,0.7,0.1,0.3,4.0,9.78,76.46477200000001
250,3,0.001,0.7,0.2,0.3,4.0,10.714,115.730741
250,3,0.001,0.7,0.3,0.3,4.0,12.298,182.840719
250,3,0.0001,0.85,0.1,0.3,4.0,10.015,92.225991
250,3,0.0001,0.85,0.2,0.3,4.0,10.976,149.227238
250,3,0.0001,0.85,0.3,0.3,4.0,12.372,254.60572
250,3,0.0001,0.8,0.1,0.3,4.0,10.019,92.50351
250,3,0.0001,0.8,0.2,0.3,4.0,10.984,149.908373
250,3,0.0001,0.8,0.3,0.3,4.0,12.383,256.0972
250,3,0.0001,0.75,0.1,0.3,4.0,10.024,92.803878
250,3,0.0001,0.75,0.2,0.3,4.0,10.992,150.66955199999998
250,3,0.0001,0.75,0.3,0.3,4.0,12.394,257.74966
250,3,0.0001,0.7,0.1,0.3,4.0,10.029,93.13107
250,3,0.0001,0.7,0.2,0.3,4.0,11.0,151.52076100000002
250,3,0.0001,0.7,0.3,0.3,4.0,12.406,259.59323
250,3,1e-05,0.85,0.1,0.3,4.0,10.095,121.77874
250,3,1e-05,0.85,0.2,0.3,4.0,11.043,239.14262
250,3,1e-05,0.85,0.3,0.3,4.0,12.473,444.00754
250,3,1e-05,0.8,0.1,0.3,4.0,10.097,122.21817
250,3,1e-05,0.8,0.2,0.3,4.0,11.047,240.492
250,3,1e-05,0.8,0.3,0.3,4.0,12.477,446.75786
250,3,1e-05,0.75,0.1,0.3,4.0,10.098,122.71755
250,3,1e-05,0.75,0.2,0.3,4.0,11.05,242.06134
250,3,1e-05,0.75,0.3,0.3,4.0,12.482,449.92835
250,3,1e-05,0.7,0.1,0.3,4.0,10.1,123.29688
250,3,1e-05,0.7,0.2,0.3,4.0,11.054,243.88065
250,3,1e-05,0.7,0.3,0.3,4.0,12.488,453.61904
250,3,1e-06,0.85,0.1,0.3,4.0,10.124,307.83613
250,3,1e-06,0.85,0.2,0.3,4.0,11.055,916.98522
250,3,1e-06,0.85,0.3,0.3,4.0,12.484,1922.9213
250,3,1e-06,0.8,0.1,0.3,4.0,10.124,309.07588
250,3,1e-06,0.8,0.2,0.3,4.0,11.056,920.97492
250,3,1e-06,0.8,0.3,0.3,4.0,12.485,1930.721
250,3,1e-06,0.75,0.1,0.3,4.0,10.125,310.53561
250,3,1e-06,0.75,0.2,0.3,4.0,11.057,925.7746
250,3,1e-06,0.75,0.3,0.3,4.0,12.487,1940.02067
250,3,1e-06,0.7,0.1,0.3,4.0,10.125,312.29532
250,3,1e-06,0.7,0.2,0.3,4.0,11.058,931.59425
250,3,1e-06,0.7,0.3,0.3,4.0,12.489,1951.12032
250,6,0.001,0.85,0.1,0.3,4.0,11.93,74.877079
250,6,0.001,0.85,0.2,0.3,4.0,13.012,112.536237
250,6,0.001,0.85,0.3,0.3,4.0,14.819,176.502599
250,6,0.001,0.8,0.1,0.3,4.0,11.945,75.36948600000001
250,6,0.001,0.8,0.2,0.3,4.0,13.032,113.534491
250,6,0.001,0.8,0.3,0.3,4.0,14.843,178.461943
250,6,0.001,0.75,0.1,0.3,4.0,11.961,75.897724
250,6,0.001,0.75,0.2,0.3,4.0,13.054,114.592663
250,6,0.001,0.75,0.3,0.3,4.0,14.865,180.571313
250,6,0.001,0.7,0.1,0.3,4.0,11.977,76.46477200000001
250,6,0.001,0.7,0.2,0.3,4.0,13.076,115.730741
250,6,0.001,0.7,0.3,0.3,4.0,14.885,182.840719
250,6,0.0001,0.85,0.1,0.3,4.0,12.281,92.225991
250,6,0.0001,0.85,0.2,0.3,4.0,13.482,149.227238
250,6,0.0001,0.85,0.3,0.3,4.0,15.187,254.60572
250,6,0.0001,0.8,0.1,0.3,4.0,12.287,92.50351
250,6,0.0001,0.8,0.2,0.3,4.0,13.492,149.908373
250,6,0.0001,0.8,0.3,0.3,4.0,15.2,256.0972
250,6,0.0001,0.75,0.1,0.3,4.0,12.293,92.803878
250,6,0.0001,0.75,0.2,0.3,4.0,13.502,150.66955199999998
250,6,0.0001,0.75,0.3,0.3,4.0,15.215,257.74966
250,6,0.0001,0.7,0.1,0.3,4.0,12.299,93.13107
250,6,0.0001,0.7,0.2,0.3,4.0,13.513,151.52076100000002
250,6,0.0001,0.7,0.3,0.3,4.0,15.229,259.59323
250,6,1e-05,0.85,0.1,0.3,4.0,12.382,121.77874
250,6,1e-05,0.85,0.2,0.3,4.0,13.564,239.14262
250,6,1e-05,0.85,0.3,0.3,4.0,15.305,444.00754
250,6,1e-05,0.8,0.1,0.3,4.0,12.384,122.21817
250,6,1e-05,0.8,0.2,0.3,4.0,13.568,240.492
250,6,1e-05,0.8,0.3,0.3,4.0,15.311,446.75786
250,6,1e-05,0.75,0.1,0.3,4.0,12.386,122.71755
250,6,1e-05,0.75,0.2,0.3,4.0,13.572,242.06134
250,6,1e-05,0.75,0.3,0.3,4.0,15.317,449.92835
250,6,1e-05,0.7,0.1,0.3,4.0,12.388,123.29688
250,6,1e-05,0.7,0.2,0.3,4.0,13.576,243.88065
250,6,1e-05,0.7,0.3,0.3,4.0,15.324,453.61904
250,6,1e-06,0.85,0.1,0.3,4.0,12.419,307.83613
250,6,1e-06,0.85,0.2,0.3,4.0,13.56,916.98522
250,6,1e-06,0.85,0.3,0.3,4.0,15.318,1922.9213
250,6,1e-06,0.8,0.1,0.3,4.0,12.419,309.07588
250,6,1e-06,0.8,0.2,0.3,4.0,13.561,920.97492
250,6,1e-06,0.8,0.3,0.3,4.0,15.32,1930.721
250,6,1e-06,0.75,0.1,0.3,4.0,12.419,310.53561
250,6,1e-06,0.75,0.2,0.3,4.0,13.562,925.7746
250,6,1e-06,0.75,0.3,0.3,4.0,15.322,1940.02067
250,6,1e-06,0.7,0.1,0.3,4.0,12.42,312.29532
250,6,1e-06,0.7,0.2,0.3,4.0,13.563,931.59425
250,6,1e-06,0.7,0.3,0.3,4.0,15.325,1951.12032
250,20,0.001,0.85,0.1,0.3,4.0,17.792,74.877079
250,20,0.001,0.85,0.2,0.3,4.0,19.462,112.536237
250,20,0.001,0.85,0.3,0.3,4.0,21.68,176.502599
250,20,0.001,0.8,0.1,0.3,4.0,17.818,75.36948600000001
250,20,0.001,0.8,0.2,0.3,4.0,19.498,113.534491
250,20,0.001,0.8,0.3,0.3,4.0,21.723,178.461943
250,20,0.001,0.75,0.1,0.3,4.0,17.846,75.897724
250,20,0.001,0.75,0.2,0.3,4.0,19.536,114.592663
250,20,0.001,0.75,0.3,0.3,4.0,21.765,180.571313
250,20,0.001,0.7,0.1,0.3,4.0,17.877,76.46477200000001
250,20,0.001,0.7,0.2,0.3,4.0,19.578,115.730741
250,20,0.001,0.7,0.3,0.3,4.0,21.805,182.840719
250,20,0.0001,0.85,0.1,0.3,4.0,18.494,92.225991
250,20,0.0001,0.85,0.2,0.3,4.0,20.817,149.227238
250,20,0.0001,0.85,0.3,0.3,4.0,23.651,254.60572
250,20,0.0001,0.8,0.1,0.3,4.0,18.504,92.50451
250,20,0.0001,0.8,0.2,0.3,4.0,20.836,149.908373
250,20,0.0001,0.8,0.3,0.3,4.0,23.676,256.0972
250,20,0.0001,0.75,0.1,0.3,4.0,18.515,92.803879
250,20,0.0001,0.75,0.2,0.3,4.0,20.856,150.66955199999998
250,20,0.0001,0.75,0.3,0.3,4.0,23.707,257.74966
250,20,0.0001,0.7,0.1,0.3,4.0,18.526,93.131071
250,20,0.0001,0.7,0.2,0.3,4.0,20.878,151.52076100000002
250,20,0.0001,0.7,0.3,0.3,4.0,23.738,259.59322
250,20,1e-05,0.85,0.1,0.3,4.0,18.711,121.77874
250,20,1e-05,0.85,0.2,0.3,4.0,21.043,239.14262
250,20,1e-05,0.85,0.3,0.3,4.0,24.085,444.00754
250,20,1e-05,0.8,0.1,0.3,4.0,18.715,122.21817
250,20,1e-05,0.8,0.2,0.3,4.0,21.051,240.492
250,20,1e-05,0.8,0.3,0.3,4.0,24.095,446.75786
250,20,1e-05,0.75,0.1,0.3,4.0,18.718,122.71755
250,20,1e-05,0.75,0.2,0.3,4.0,21.059,242.06134
250,20,1e-05,0.75,0.3,0.3,4.0,24.106,449.92835
250,20,1e-05,0.7,0.1,0.3,4.0,18.722,123.29688
250,20,1e-05,0.7,0.2,0.3,4.0,21.068,243.88065
250,20,1e-05,0.7,0.3,0.3,4.0,24.118,453.61904
250,20,1e-06,0.85,0.1,0.3,4.0,18.786,307.83613
250,20,1e-06,0.85,0.2,0.3,4.0,20.934,916.98522
250,20,1e-06,0.85,0.3,0.3,4.0,24.19,1922.9213
250,20,1e-06,0.8,0.1,0.3,4.0,18.787,309.08588
250,20,1e-06,0.8,0.2,0.3,4.0,20.936,920.97492
250,20,1e-06,0.8,0.3,0.3,4.0,24.193,1930.721
250,20,1e-06,0.75,0.1,0.3,4.0,18.787,310.53561
250,20,1e-06,0.75,0.2,0.3,4.0,20.938,925.7746
250,20,1e-06,0.75,0.3,0.3,4.0,24.197,1940.02067
250,20,1e-06,0.7,0.1,0.3,4.0,18.788,312.29532
250,20,1e-06,0.7,0.2,0.3,4.0,20.941,931.59425
250,20,1e-06,0.7,0.3,0.3,4.0,24.201,1951.12032
250,50,0.001,0.85,0.1,0.3,4.0,26.38,74.877079
250,50,0.001,0.85,0.2,0.3,4.0,28.29,112.536238
250,50,0.001,0.85,0.3,0.3,4.0,29.962,176.502599
250,50,0.001,0.8,0.1,0.3,4.0,26.429,75.36948600000001
250,50,0.001,0.8,0.2,0.3,4.0,28.35,113.534491
250,50,0.001,0.8,0.3,0.3,4.0,30.037,178.461943
250,50,0.001,0.75,0.1,0.3,4.0,26.488,75.897724
250,50,0.001,0.75,0.2,0.3,4.0,28.428,114.592663
250,50,0.001,0.75,0.3,0.3,4.0,30.115,180.571313
250,50,0.001,0.7,0.1,0.3,4.0,26.546,76.46477200000001
250,50,0.001,0.7,0.2,0.3,4.0,28.523,115.730741
250,50,0.001,0.7,0.3,0.3,4.0,30.202,182.840719
250,50,0.0001,0.85,0.1,0.3,4.0,28.244,92.225991
250,50,0.0001,0.85,0.2,0.3,4.0,31.423,149.227237
250,50,0.0001,0.85,0.3,0.3,4.0,37.063,254.60571
250,50,0.0001,0.8,0.1,0.3,4.0,28.262,92.50451
250,50,0.0001,0.8,0.2,0.3,4.0,31.448,149.918373
250,50,0.0001,0.8,0.3,0.3,4.0,37.16,256.0972
250,50,0.0001,0.75,0.1,0.3,4.0,28.282,92.803879
250,50,0.0001,0.75,0.2,0.3,4.0,31.476,150.679551
250,50,0.0001,0.75,0.3,0.3,4.0,36.879,257.74966
250,50,0.0001,0.7,0.1,0.3,4.0,28.305,93.131071
250,50,0.0001,0.7,0.2,0.3,4.0,31.505,151.52076000000002
250,50,0.0001,0.7,0.3,0.3,4.0,36.925,259.59323
250,50,1e-05,0.85,0.1,0.3,4.0,28.515,121.77874
250,50,1e-05,0.85,0.2,0.3,4.0,32.005,239.14262
250,50,1e-05,0.85,0.3,0.3,4.0,38.811,444.00753
250,50,1e-05,0.8,0.1,0.3,4.0,28.521,122.21817
250,50,1e-05,0.8,0.2,0.3,4.0,32.015,240.502
250,50,1e-05,0.8,0.3,0.3,4.0,38.821,446.75786
250,50,1e-05,0.75,0.1,0.3,4.0,28.528,122.71755
250,50,1e-05,0.75,0.2,0.3,4.0,32.027,242.06134
250,50,1e-05,0.75,0.3,0.3,4.0,38.836,449.92834
250,50,1e-05,0.7,0.1,0.3,4.0,28.535,123.29688
250,50,1e-05,0.7,0.2,0.3,4.0,32.039,243.88065
250,50,1e-05,0.7,0.3,0.3,4.0,38.854,453.62904
250,50,1e-06,0.85,0.1,0.3,4.0,28.657,307.83613
250,50,1e-06,0.85,0.2,0.3,4.0,32.798,916.98522
250,50,1e-06,0.85,0.3,0.3,4.0,39.116,1922.9213
250,50,1e-06,0.8,0.1,0.3,4.0,28.659,309.08588
250,50,1e-06,0.8,0.2,0.3,4.0,32.801,920.97492
250,50,1e-06,0.8,0.3,0.3,4.0,39.121,1930.72099
250,50,1e-06,0.75,0.1,0.3,4.0,28.66,310.53561
250,50,1e-06,0.75,0.2,0.3,4.0,32.804,925.7746
250,50,1e-06,0.75,0.3,0.3,4.0,39.127,1940.02067
250,50,1e-06,0.7,0.1,0.3,4.0,28.661,312.29532
250,50,1e-06,0.7,0.2,0.3,4.0,32.809,931.59425
250,50,1e-06,0.7,0.3,0.3,4.0,39.133,1951.22031
500,3,0.001,0.85,0.1,0.3,4.0,12.188,201.475135
500,3,0.001,0.85,0.2,0.3,4.0,13.353,300.34013000000004
500,3,0.001,0.85,0.3,0.3,4.0,14.991,468.33554
500,3,0.001,0.8,0.1,0.3,4.0,12.204,202.95989
500,3,0.001,0.8,0.2,0.3,4.0,13.376,303.21632
500,3,0.001,0.8,0.3,0.3,4.0,15.023,473.7943800000001
500,3,0.001,0.75,0.1,0.3,4.0,12.222,204.524398
500,3,0.001,0.75,0.2,0.3,4.0,13.399,306.31202
500,3,0.001,0.75,0.3,0.3,4.0,15.057,479.65333
500,3,0.001,0.7,0.1,0.3,4.0,12.241,206.208635
500,3,0.001,0.7,0.2,0.3,4.0,13.423,309.65751
500,3,0.001,0.7,0.3,0.3,4.0,15.09,485.9724
500,3,0.0001,0.85,0.1,0.3,4.0,12.463,243.081525
500,3,0.0001,0.85,0.2,0.3,4.0,13.74,394.36314
500,3,0.0001,0.85,0.3,0.3,4.0,15.601,669.83808
500,3,0.0001,0.8,0.1,0.3,4.0,12.469,243.958356
500,3,0.0001,0.8,0.2,0.3,4.0,13.75,396.64047
500,3,0.0001,0.8,0.3,0.3,4.0,15.615,674.85419
500,3,0.0001,0.75,0.1,0.3,4.0,12.476,244.904882
500,3,0.0001,0.75,0.2,0.3,4.0,13.76,399.17841
500,3,0.0001,0.75,0.3,0.3,4.0,15.628,680.44429
500,3,0.0001,0.7,0.1,0.3,4.0,12.484,245.941056
500,3,0.0001,0.7,0.2,0.3,4.0,13.772,402.03711
500,3,0.0001,0.7,0.3,0.3,4.0,15.642,686.7296
500,3,1e-05,0.85,0.1,0.3,4.0,12.526,313.3953
500,3,1e-05,0.85,0.2,0.3,4.0,13.749,603.35526
500,3,1e-05,0.85,0.3,0.3,4.0,15.649,1108.7035199999998
500,3,1e-05,0.8,0.1,0.3,4.0,12.528,314.75423
500,3,1e-05,0.8,0.2,0.3,4.0,13.755,607.89531
500,3,1e-05,0.8,0.3,0.3,4.0,15.655,1118.31249
500,3,1e-05,0.75,0.1,0.3,4.0,12.53,316.30308
500,3,1e-05,0.75,0.2,0.3,4.0,13.76,613.0855200000001
500,3,1e-05,0.75,0.3,0.3,4.0,15.662,1129.22326
500,3,1e-05,0.7,0.1,0.3,4.0,12.533,318.09183
500,3,1e-05,0.7,0.2,0.3,4.0,13.766,619.04597
500,3,1e-05,0.7,0.3,0.3,4.0,15.668,1141.83627
500,3,1e-06,0.85,0.1,0.3,4.0,12.551,704.06335
500,3,1e-06,0.85,0.2,0.3,4.0,13.702,2016.1317
500,3,1e-06,0.85,0.3,0.3,4.0,15.627,4178.01409
500,3,1e-06,0.8,0.1,0.3,4.0,12.551,708.42279
500,3,1e-06,0.8,0.2,0.3,4.0,13.704,2030.03106
500,3,1e-06,0.8,0.3,0.3,4.0,15.629,4206.213565999999
500,3,1e-06,0.75,0.1,0.3,4.0,12.551,713.28219
500,3,1e-06,0.75,0.2,0.3,4.0,13.707,2045.93037
500,3,1e-06,0.75,0.3,0.3,4.0,15.632,4239.013017
500,3,1e-06,0.7,0.1,0.3,4.0,12.552,718.74155
500,3,1e-06,0.7,0.2,0.3,4.0,13.709,2064.6296300000004
500,3,1e-06,0.7,0.3,0.3,4.0,15.635,4277.312447
500,6,0.001,0.85,0.1,0.3,4.0,15.29,201.475135
500,6,0.001,0.85,0.2,0.3,4.0,16.818,300.34013000000004
500,6,0.001,0.85,0.3,0.3,4.0,19.001,468.33554
500,6,0.001,0.8,0.1,0.3,4.0,15.313,202.95989
500,6,0.001,0.8,0.2,0.3,4.0,16.849,303.21632
500,6,0.001,0.8,0.3,0.3,4.0,19.053,473.7943800000001
500,6,0.001,0.75,0.1,0.3,4.0,15.337,204.524398
500,6,0.001,0.75,0.2,0.3,4.0,16.881,306.31202
500,6,0.001,0.75,0.3,0.3,4.0,19.106,479.65333
500,6,0.001,0.7,0.1,0.3,4.0,15.363,206.208635
500,6,0.001,0.7,0.2,0.3,4.0,16.914,309.65751
500,6,0.001,0.7,0.3,0.3,4.0,19.161,485.9724
500,6,0.0001,0.85,0.1,0.3,4.0,15.67,243.081525
500,6,0.0001,0.85,0.2,0.3,4.0,17.321,394.36314
500,6,0.0001,0.85,0.3,0.3,4.0,19.821,669.83808
500,6,0.0001,0.8,0.1,0.3,4.0,15.679,243.958356
500,6,0.0001,0.8,0.2,0.3,4.0,17.335,396.64047
500,6,0.0001,0.8,0.3,0.3,4.0,19.84,674.85419
500,6,0.0001,0.75,0.1,0.3,4.0,15.689,244.904882
500,6,0.0001,0.75,0.2,0.3,4.0,17.35,399.17841
500,6,0.0001,0.75,0.3,0.3,4.0,19.86,680.44429
500,6,0.0001,0.7,0.1,0.3,4.0,15.699,245.941056
500,6,0.0001,0.7,0.2,0.3,4.0,17.365,402.03711
500,6,0.0001,0.7,0.3,0.3,4.0,19.881,686.7296
500,6,1e-05,0.85,0.1,0.3,4.0,15.76,313.3953
500,6,1e-05,0.85,0.2,0.3,4.0,17.333,603.35526
500,6,1e-05,0.85,0.3,0.3,4.0,19.86,1108.7035199999998
500,6,1e-05,0.8,0.1,0.3,4.0,15.763,314.75423
500,6,1e-05,0.8,0.2,0.3,4.0,17.34,607.89531
500,6,1e-05,0.8,0.3,0.3,4.0,19.869,1118.31249
500,6,1e-05,0.75,0.1,0.3,4.0,15.766,316.30308
500,6,1e-05,0.75,0.2,0.3,4.0,17.348,613.0855200000001
500,6,1e-05,0.75,0.3,0.3,4.0,19.878,1129.22326
500,6,1e-05,0.7,0.1,0.3,4.0,15.77,318.09183
500,6,1e-05,0.7,0.2,0.3,4.0,17.356,619.04597
500,6,1e-05,0.7,0.3,0.3,4.0,19.887,1141.83627
500,6,1e-06,0.85,0.1,0.3,4.0,15.795,704.06335
500,6,1e-06,0.85,0.2,0.3,4.0,17.274,2016.1317
500,6,1e-06,0.85,0.3,0.3,4.0,19.843,4178.01409
500,6,1e-06,0.8,0.1,0.3,4.0,15.796,708.42279
500,6,1e-06,0.8,0.2,0.3,4.0,17.277,2030.03106
500,6,1e-06,0.8,0.3,0.3,4.0,19.847,4206.213565999999
500,6,1e-06,0.75,0.1,0.3,4.0,15.796,713.28219
500,6,1e-06,0.75,0.2,0.3,4.0,17.28,2045.93037
500,6,1e-06,0.75,0.3,0.3,4.0,19.851,4239.013017
500,6,1e-06,0.7,0.1,0.3,4.0,15.797,718.74155
500,6,1e-06,0.7,0.2,0.3,4.0,17.284,2064.6296300000004
500,6,1e-06,0.7,0.3,0.3,4.0,19.855,4277.312447
500,20,0.001,0.85,0.1,0.3,4.0,26.309,201.475135
500,20,0.001,0.85,0.2,0.3,4.0,29.279,300.34013000000004
500,20,0.001,0.85,0.3,0.3,4.0,32.477,468.33554
500,20,0.001,0.8,0.1,0.3,4.0,26.372,202.95989
500,20,0.001,0.8,0.2,0.3,4.0,29.318,303.21632
500,20,0.001,0.8,0.3,0.3,4.0,32.597,473.7943800000001
500,20,0.001,0.75,0.1,0.3,4.0,26.431,204.524398
500,20,0.001,0.75,0.2,0.3,4.0,29.353,306.31202
500,20,0.001,0.75,0.3,0.3,4.0,32.729,479.65333
500,20,0.001,0.7,0.1,0.3,4.0,26.486,206.208635
500,20,0.001,0.7,0.2,0.3,4.0,29.387,309.65751
500,20,0.001,0.7,0.3,0.3,4.0,32.865,485.9724
500,20,0.0001,0.85,0.1,0.3,4.0,26.876,243.081525
500,20,0.0001,0.85,0.2,0.3,4.0,29.893,394.36314
500,20,0.0001,0.85,0.3,0.3,4.0,35.044,669.83808
500,20,0.0001,0.8,0.1,0.3,4.0,26.893,243.958356
500,20,0.0001,0.8,0.2,0.3,4.0,29.922,396.64047
500,20,0.0001,0.8,0.3,0.3,4.0,35.093,674.85418
500,20,0.0001,0.75,0.1,0.3,4.0,26.913,244.904882
500,20,0.0001,0.75,0.2,0.3,4.0,29.957,399.17841
500,20,0.0001,0.75,0.3,0.3,4.0,35.128,680.44429
500,20,0.0001,0.7,0.1,0.3,4.0,26.936,245.941056
500,20,0.0001,0.7,0.2,0.3,4.0,29.988,402.03711
500,20,0.0001,0.7,0.3,0.3,4.0,35.153,686.7296
500,20,1e-05,0.85,0.1,0.3,4.0,27.409,313.4253
500,20,1e-05,0.85,0.2,0.3,4.0,29.756,603.35526
500,20,1e-05,0.85,0.3,0.3,4.0,35.597,1108.80373
500,20,1e-05,0.8,0.1,0.3,4.0,27.416,314.79423
500,20,1e-05,0.8,0.2,0.3,4.0,29.77,607.89531
500,20,1e-05,0.8,0.3,0.3,4.0,35.614,1118.3127100000002
500,20,1e-05,0.75,0.1,0.3,4.0,27.423,316.34308000000004
500,20,1e-05,0.75,0.2,0.3,4.0,29.786,613.0855200000001
500,20,1e-05,0.75,0.3,0.3,4.0,35.631,1129.22349
500,20,1e-05,0.7,0.1,0.3,4.0,27.431,318.13183
500,20,1e-05,0.7,0.2,0.3,4.0,29.804,619.04597
500,20,1e-05,0.7,0.3,0.3,4.0,35.648,1141.93651
500,20,1e-06,0.85,0.1,0.3,4.0,27.487,704.08335
500,20,1e-06,0.85,0.2,0.3,4.0,29.677,2016.1317
500,20,1e-06,0.85,0.3,0.3,4.0,36.138,4178.114287
500,20,1e-06,0.8,0.1,0.3,4.0,27.488,708.43279
500,20,1e-06,0.8,0.2,0.3,4.0,29.682,2030.03106
500,20,1e-06,0.8,0.3,0.3,4.0,36.145,4206.313764
500,20,1e-06,0.75,0.1,0.3,4.0,27.489,713.30219
500,20,1e-06,0.75,0.2,0.3,4.0,29.688,2045.93037
500,20,1e-06,0.75,0.3,0.3,4.0,36.153,4239.013215
500,20,1e-06,0.7,0.1,0.3,4.0,27.49,718.76155
500,20,1e-06,0.7,0.2,0.3,4.0,29.694,2064.6296300000004
500,20,1e-06,0.7,0.3,0.3,4.0,36.162,4277.312647
500,50,0.001,0.85,0.1,0.3,4.0,41.612,201.485143
500,50,0.001,0.85,0.2,0.3,4.0,46.059,300.34013000000004
500,50,0.001,0.85,0.3,0.3,4.0,51.104,468.33554
500,50,0.001,0.8,0.1,0.3,4.0,41.708,202.959901
500,50,0.001,0.8,0.2,0.3,4.0,46.164,303.21631
500,50,0.001,0.8,0.3,0.3,4.0,51.378,473.7943800000001
500,50,0.001,0.75,0.1,0.3,4.0,41.819,204.534408
500,50,0.001,0.75,0.2,0.3,4.0,46.326,306.32201000000003
500,50,0.001,0.75,0.3,0.3,4.0,51.705,479.65333
500,50,0.001,0.7,0.1,0.3,4.0,41.947,206.208645
500,50,0.001,0.7,0.2,0.3,4.0,46.456,309.6675
500,50,0.001,0.7,0.3,0.3,4.0,51.986,485.9724
500,50,0.0001,0.85,0.1,0.3,4.0,43.308,243.081525
500,50,0.0001,0.85,0.2,0.3,4.0,47.543,394.37313
500,50,0.0001,0.85,0.3,0.3,4.0,55.013,669.83808
500,50,0.0001,0.8,0.1,0.3,4.0,43.34,243.958356
500,50,0.0001,0.8,0.2,0.3,4.0,47.585,396.65046
500,50,0.0001,0.8,0.3,0.3,4.0,55.096,674.85418
500,50,0.0001,0.75,0.1,0.3,4.0,43.377,244.904882
500,50,0.0001,0.75,0.2,0.3,4.0,47.635,399.1884
500,50,0.0001,0.75,0.3,0.3,4.0,55.17,680.44429
500,50,0.0001,0.7,0.1,0.3,4.0,43.417,245.941056
500,50,0.0001,0.7,0.2,0.3,4.0,47.69,402.0471
500,50,0.0001,0.7,0.3,0.3,4.0,55.26,686.7296
500,50,1e-05,0.85,0.1,0.3,4.0,43.652,313.4253
500,50,1e-05,0.85,0.2,0.3,4.0,47.149,603.35526
500,50,1e-05,0.85,0.3,0.3,4.0,56.238,1108.7035199999998
500,50,1e-05,0.8,0.1,0.3,4.0,43.663,314.79423
500,50,1e-05,0.8,0.2,0.3,4.0,47.161,607.89531
500,50,1e-05,0.8,0.3,0.3,4.0,56.258,1118.31249
500,50,1e-05,0.75,0.1,0.3,4.0,43.674,316.34308000000004
500,50,1e-05,0.75,0.2,0.3,4.0,47.187,613.0855200000001
500,50,1e-05,0.75,0.3,0.3,4.0,56.28,1129.22326
500,50,1e-05,0.7,0.1,0.3,4.0,43.685,318.13183
500,50,1e-05,0.7,0.2,0.3,4.0,47.209,619.04597
500,50,1e-05,0.7,0.3,0.3,4.0,56.306,1141.83627
500,50,1e-06,0.85,0.1,0.3,4.0,43.668,704.06335
500,50,1e-06,0.85,0.2,0.3,4.0,47.033,2016.13166
500,50,1e-06,0.85,0.3,0.3,4.0,57.32,4178.114287
500,50,1e-06,0.8,0.1,0.3,4.0,43.675,708.42279
500,50,1e-06,0.8,0.2,0.3,4.0,47.04,2030.03102
500,50,1e-06,0.8,0.3,0.3,4.0,57.329,4206.313764
500,50,1e-06,0.75,0.1,0.3,4.0,43.679,713.28219
500,50,1e-06,0.75,0.2,0.3,4.0,47.049,2045.93033
500,50,1e-06,0.75,0.3,0.3,4.0,57.338,4239.013215
500,50,1e-06,0.7,0.1,0.3,4.0,43.684,718.74155
500,50,1e-06,0.7,0.2,0.3,4.0,47.061,2064.6295800000003
500,50,1e-06,0.7,0.3,0.3,4.0,57.349,4277.312646
